,UserId,Preferred_Category_Veg_Non_Veg,Lunch
0,0,Non-Vegeterian,"Paneer Amritsari Tikka, Butter Garlic Prawns, Chilli Panner, Apollo Fish, Veg Tempura, Fish Tacos, Tomato and Basil Bruschetta, Tuscan Lamb Shanks, Lettuce Wraps, Thai Fried Calamari With Sweet Chili"
1,1,Non-Vegeterian,"Hara Bara Kabab, Chicken Roast, Veg Manchurian, Chicken 65, Tacos, Mushroom Balls, Kadaai Paneer, Nihari Gosht, Chicken Fried Rice, Lacha Paratha, Ice-cream"
2,2,Non-Vegeterian,"Veg Cutlet, Veg Pakora, Veg lollipop, Seekh Kabab, Bharwa Aloo, Paneer Tikka, Paneer Achari, Paneer Multani Tikka, Haryali Paneer Tikka, Paneer Amritsari Tikka, Mushroom Tikka, Mushroom Malai Tikka, Veg Platter, soyabin Chap, Chicken Tandoori, Chicken Sheesh Kabab, Chicken Tikka Dry, Chicken Achari, Chicken Malai, Chicken Pakora, Chicken Roast, Pepper Garlic Chicken, Lemon Chicken, Cashew Chicken, Chicken Fry, Chicken RR, Murgh Tangdi Kabab, Murgh Lasooni Kabab, Mutton Fry, Mutton RR, Mutton Seekh Kabab, Mutton Awadhi Kabab, Mutton Cutlet, Mutton Pepper Fry, Fish tikka, Fish Fry, Tandoori Fish, Prawns Fry, Golden Prawns, Butter Garlic Prawns, Pepper Prawns, Ginger Prawns, Chilli Potatoes, Chinese Bhel, Vegetable Gold Coins, Veg Spring Rolls, Veg Manchurian, Veg Dumplings, Finger Chips, Corn Fry, Crispy Corn, Gobi 65, Aloo 65, Shanghai Roll, Gobi Manchurian, Schezwan Gobi, Chilli Mushroom, Mushroom Manchurian, Schezwan Mushroom, Mushroom 65, Chilli Panner, Paneer 65, Paneer Tikka, Paneer Majestic, Paneer Pakoda, Schezwan Paneer, Apollo Fish, Finger Fish, Chilli Fish, Fish Manchurian, Ginger Fish, Loose Prawns, Prawns Manchurian, Chilli Prawns, Schezwan Prawns, Mutton Spring Roll, Mutton 65, Pepper Mutton, Chilly Mutton, Schezwan Mutton, Ginger Mutton Dry, Chicken Spring Roll, Chicken Manchurian, Chicken 65, Chilli Chicken, Chicken Drum Sticks, Schezwan Chicken, Chicken Majestic, Pepper Chicken, Corn Cheese Ball, Funghi Ala Trapanese, Spinach Dip, Tacos, French Fries, Beetroot and Cheese Croquettes, Bruschetta, Herb Grilled Chicken, Chicken Goujons, Butterfly Prawns, Fish N Chips, Fish Tacos, Fried Chicken Tacos, Mutton balls with BBQ sauce, Chicken Nuggets, Prawn Tempura, Butter Fried Garlic Prawns, Patra Fish, Fish Finger Tartar Sauce, French Bread, Italian Open Toast Sandwich, Chicken Sorrento, Scallops with Creamy Pesto, Canederli, Grilled Chicken Risotto, Chicken Milanese, Tuscan Lamb Shanks, Open-face Sausage Pepper Sandwiches, Grilled Cod with Caponata, Veal Stew, Sweet Corn Cutlets, Mushroom Balls, Paneer, Mushroom and Capsicum Satay, Yellow Moong Toast, Peanut Sesame Vegetables, Lettuce Wraps, Smoked Cottage Cheese Patties with Curry Sauce, Thai Corn Fritters, Crispy Thai Fried Ribs, Veg Kofta, Butter Chicken, Veg Lasagna, Chicken Lasagna, Farm Fresh Pizza, Alfredo Cheese Pizza, Veg biryani, Garlic Naan, Kesariya Kheer, Lassi"
3,3,Non-Vegeterian,"Paneer Tikka, Chicken Tandoori, Matar Pulao"
4,4,Non-Vegeterian,"Veg lollipop, Paneer Tikka, Haryali Paneer Tikka, Mushroom Tikka, Mushroom Malai Tikka, Chicken Tandoori, Pepper Garlic Chicken, Cashew Chicken, Chicken Fry, Murgh Tangdi Kabab, Mutton Cutlet, Mutton Pepper Fry, Fish tikka, Fish Fry, Tandoori Fish, Prawns Fry, Golden Prawns, Butter Garlic Prawns, Pepper Prawns, Ginger Prawns, Chilli Potatoes, Veg Spring Rolls, Veg Manchurian, Finger Chips, Corn Fry, Crispy Corn, Gobi 65, Aloo 65, Gobi Manchurian, Chilli Mushroom, Mushroom Manchurian, Mushroom 65, Chilli Panner, Paneer 65, Paneer Tikka, Paneer Majestic, Paneer Pakoda, Apollo Fish, Chilli Fish, Fish Manchurian, Ginger Fish, Loose Prawns, Prawns Manchurian, Chilli Prawns, Mutton Spring Roll, Mutton 65, Pepper Mutton, Chilly Mutton, Chicken Spring Roll, Chicken Manchurian, Chicken 65, Chilli Chicken, Chicken Drum Sticks, Chicken Majestic, Pepper Chicken, Tacos, French Fries, Corn Cakes Tomato Salsa, Herb Grilled Chicken, Butterfly Prawns, Fish N Chips, Fish Tacos, Fried Chicken Tacos, Chicken Nuggets, Prawn Tempura, Butter Fried Garlic Prawns, Fish Finger Tartar Sauce, Tomato and Basil Bruschetta, French Bread, Chopped Italian Salad, Potato Focaccia Rolls, Grilled Chicken Risotto, Grilled Cod with Caponata, Mushroom Masala, South Indian Chicken masala, Veg Lasagna, Chicken Madagascar, Penne Pasta (White Sauce/Red Tomato Sauce/Pesto Sauce), Mix Grilled Pizza ( Chicken Sausage, Salami. Grilled Chicken), Veg biryani, Butter Naan, Kesariya Kheer, Chocolate Milkshake"
5,5,Non-Vegeterian,"Mushroom Tikka, Lemon Chicken, Chicken Fry, Mutton RR, Crispy Corn, Ginger Mutton Dry, French Fries, Chicken Goujons, Chopped Italian Salad, Veal Stew, Mango Kuzhambu, Chicken Chettinad, Hash Brown Potatoes, Chicken Madagascar, Farm Fresh Pizza, Chicken Parmesan, Veg biryani, Butter Naan, Malai Kulfi, Chocolate Milkshake"
6,6,Non-Vegeterian,"Paneer Tikka, Veg Platter, Veg Spring Rolls, Crispy Corn, Paneer 65, Corn Cheese Ball, Spinach Dip, Italian Style Baby Potatoes, Chopped Italian Salad, Kadaai Paneer, Avial with Kerala Red Rice, Tomato Basil Risotto Rice, Farm Fresh Pizza, Margarita Pizza, Veg Dum Biryani, Lemon Rice, Butter Naan, Kesariya Kheer, Fruit cream, Fresh Lime Soda, Lassi"
7,7,Non-Vegeterian,"Paneer Tikka, Mushroom Tikka, Chicken Fry, Prawns Fry, Finger Chips, Crispy Corn, Chilli Mushroom, Apollo Fish, Loose Prawns, Corn Cheese Ball, French Fries, Prawn Tempura, Butter Fried Garlic Prawns, Paneer Butter Masala, Dal Tadka, Mughlai Chicken Handi, Hyderabadi Keema, Margarita Pizza, Mix Grilled Pizza ( Chicken Sausage, Salami. Grilled Chicken), Plain Rice, Chicken Dum Biryani, Prawns Biryani, Plain Roti, Gulab Jamun, Ice-cream, Fresh Lime Soda, Lassi"
8,8,Non-Vegeterian,"Paneer Amritsari Tikka, Chicken Tikka Dry, Finger Chips, Chilli Chicken, Tacos, Kadaai Paneer, Butter Chicken, Farm Fresh Pizza, Lemon Rice, Butter Naan"
9,9,Non-Vegeterian,"Haryali Paneer Tikka, Kadaai Paneer, Dal Tadka, Veg biryani, Butter Naan, Kesariya Kheer"
10,10,Vegetarian,"Hara Bara Kabab, Bharwa Aloo, Paneer Tikka, Mushroom Tikka, Mushroom Malai Tikka, Veg Platter, Mushroom 65, Paneer 65, Corn Cheese Ball, French Fries, Mushroom Masala, Paneer Butter Masala, Kadaai Paneer, Veg Lasagna, Jeera Rice, Plain Roti, Lacha Paratha, Gulab Jamun, Chocolate Brownie, Shahi Tukda, Carrot Halwa, Moong daal Halwa, Vanilla Milkshake, Chocolate Milkshake"
11,11,Non-Vegeterian,"Hara Bara Kabab, Chicken Tandoori, Chicken Sheesh Kabab, Chilli Potatoes, Chicken 65, Chicken Drum Sticks, Corn Cheese Ball, Tacos, Fish N Chips, Paneer Tikka Masala, Mughlai Chicken Handi, Veg Lasagna, Barbecue Chicken Breast, Plain Rice, Plain Roti, Butter Roti, Gulab Jamun, Ice-cream, Virgin Mojito"
12,12,Non-Vegeterian,"Veg Cutlet, Paneer Tikka, Mushroom Malai Tikka, Chicken Tikka Dry, Fish Fry, Gobi Manchurian, Schezwan Paneer, French Fries, Herbed Pizza Strips, Potato Focaccia Rolls, Mushroom Masala, Paneer Butter Masala, Butter Chicken, Mutton Kofte, Grilled Chicken with Tomato Basil Risotto, Four Cheese Pizza, Veg biryani, Chicken Pulao, Butter Roti, Lacha Paratha, Gulab Jamun, Ice-cream, Shahi Tukda, Moong daal Halwa, Fresh Lime Soda, Lassi, Ice Tea"
13,13,Non-Vegeterian,"Paneer Tikka, Veg Platter, Chicken Tandoori, Fish Fry, Butter Garlic Prawns, Ginger Prawns, Veg Manchurian, Crispy Corn, Schezwan Mushroom, Paneer Pakoda, Schezwan Paneer, Loose Prawns, Mutton Spring Roll, Chicken Spring Roll, Schezwan Chicken, French Fries, Fish N Chips, Fish Finger Tartar Sauce, French Bread, Italian Open Toast Sandwich, Pan-fried Scamorza with Arugula Salad, Chicken Milanese, Tuscan Lamb Shanks, Paneer Butter Masala, Kadaai Paneer, Paneer Tikka Masala, Dal Tadka, Mughlai Chicken Handi, Hyderabadi Keema, Hash Brown Potatoes, Chicken Lasagna, Grilled Chicken with Tomato Basil Risotto, Farm Fresh Pizza, Chicken Parmesan, Veg biryani, Chicken Dum Biryani, Butter Roti, Butter Naan, Gulab Jamun, Ice-cream, Moong daal Halwa, Lassi, Vanilla Milkshake, Chocolate Milkshake"
14,14,Non-Vegeterian,"Crispy Corn, Chicken Tandoori, Dal Tadka, Chicken Korma, Chicken Dum Biryani, Butter Roti, Moong daal Halwa, Fresh Lime Soda"
15,15,Non-Vegeterian,"Butter Naan, Moong daal Halwa, Fresh Lime Soda"
16,16,Vegetarian,"Arachu Vitta Sambar, Plain Rice, Chapatji, parotta, Milk basandi"
17,17,Non-Vegeterian,"Veg Cutlet, Veg Dumplings, Veg Pakora, Veg lollipop, Hara Bara Kabab, Seekh Kabab, Bharwa Aloo, Paneer Tikka, Paneer Achari, Chicken Tandoori, Chicken Sheesh Kabab, Chicken Tikka Dry, Chicken Achari, Chicken Malai, Chicken Pakora, Chicken Roast, Pepper Garlic Chicken, Lemon Chicken, Tandoori Fish, Prawns Fry, Golden Prawns, Butter Garlic Prawns, Pepper Prawns, Ginger Prawns, Mushroom Masala, Paneer Butter Masala, Kadaai Paneer, Paneer Tikka Masala, Veg Kofta, Dal Tadka, Arachu Vitta Sambar, Mughlai Chicken Handi, South Indian Chicken masala, Chicken Chettinad, Chicken Korma, Malvani Chicken Curry, Mutton Kofte, Nihari Gosht, Hyderabadi Keema, Barbeque Chicken with Breast, Chicken Pizza, Plain Rice, Jeera Rice, Matar Pulao, Paneer Pulao, Veg Pulao, Veg biryani, Veg Dum Biryani, Lemon Rice, Chicken Dum Biryani, Chicken Fried Rice, Plain Roti, Butter Roti, Plain Naan, Butter Naan, Garlic Naan, Gulab Jamun, Ice-cream, Kesariya Kheer, Fruit cream, Malai Kulfi, Shahi Tukda, Carrot Halwa, Moong daal Halwa, Fresh Lime Soda, Virgin Mojito"
18,18,Non-Vegeterian,"Hara Bara Kabab, Kadaai Paneer, Plain Rice"
19,19,Vegetarian,"Arachu Vitta Sambar, Plain Rice, Chapatji, parotta, Milk basandi"
20,20,Vegetarian,"Red Velvet Cup Cake, Coke"
21,21,Non-Vegeterian,"Veg Cutlet, Veg Dumplings, Veg Pakora, Veg lollipop, Hara Bara Kabab, Seekh Kabab, Bharwa Aloo, Paneer Tikka, Paneer Achari, Paneer Multani Tikka, Haryali Paneer Tikka, Paneer Amritsari Tikka, Mushroom Tikka, Mushroom Malai Tikka, Veg Platter, Chilli Potatoes, Veg Spring Rolls, Paneer 65, Chicken Tandoori, Chicken Sheesh Kabab, Chicken Tikka Dry, Chicken Achari, Chicken Malai, Chicken Pakora, Chicken Roast, Pepper Garlic Chicken, Lemon Chicken, Cashew Chicken, Chicken RR, Murgh Tangdi Kabab, Mutton Fry, Mutton Seekh Kabab, Mutton Awadhi Kabab, Mutton Pepper Fry, Fish Fry, Golden Prawns, Butter Garlic Prawns, Pepper Prawns, Ginger Prawns, Apollo Fish, Prawns Manchurian, Mutton 65, Pepper Mutton, Mushroom Masala, Paneer Butter Masala, Aloo Gobi Masala, Dal Tadka, Arachu Vitta Sambar, Avial with Kerala Red Rice, Mix Veg Curry, Farm Fresh Pizza, Mughlai Chicken Handi, Butter Chicken, South Indian Chicken masala, Chicken Chettinad, Chicken Korma, Nihari Gosht, Barbeque Chicken with Breast, Chicken Madagascar, Chicken Pepperoni Piza, Plain Rice, Jeera Rice, Matar Pulao, Paneer Pulao, Veg Dum Biryani, Lemon Rice, Chicken Dum Biryani, Mutton Dum Biryani, Mutton Biryani, Plain Roti, Butter Roti, Butter Naan, Garlic Naan, Gulab Jamun, Ice-cream, Chocolate Brownie, Malai Kulfi, Shahi Tukda, Carrot Halwa, Fresh Lime Soda, Lassi, Vanilla Milkshake, Virgin Mojito"
22,22,Non-Vegeterian,"Chilli Potatoes, Chicken Tandoori, Corn Cheese Pizza, Hyderabadi Keema, Chicken Madagascar, Jeera Rice, Butter Roti, Garlic Naan, Ice-cream, Virgin Mojito"
23,23,Vegetarian,"Hara Bara Kabab, Paneer Tikka, Plain Dosa, Lemon Rice, Garlic Naan, Chocolate Brownie, Shahi Tukda, Lassi"
24,24,Non-Vegeterian,"Seekh Kabab, Paneer Tikka, Chilli Potatoes, Veg Manchurian, Gobi Manchurian, Chicken Tandoori, Chicken Sheesh Kabab, Chicken Tikka Dry, Chicken Fry, Mutton Seekh Kabab, Chilli Chicken, Paneer Butter Masala, Corn Cheese Pizza, Mughlai Chicken Handi, Chicken Korma, Mutton Kofte, Barbeque Chicken with Breast, Jeera Rice, Matar Pulao, Chicken Dum Biryani, Chicken Fried Rice, Chicken Pulao, Mutton Dum Biryani, Plain Roti, Butter Roti, Butter Naan, Gulab Jamun, Ice-cream, Kesariya Kheer, Lassi, Chocolate Milkshake, Ice Tea"
25,25,Non-Vegeterian,"Chicken Fry, South Indian Chicken masala, Chicken Dum Biryani, Chicken Fried Rice, Fish Biryani, Ice-cream, Fresh Lime Soda"
26,26,Non-Vegeterian,"Paneer Tikka, Crispy Corn, Baby Corn, Chicken Tandoori, Chicken Achari, Mutton Fry, Mutton Pepper Fry, Fish Fry, Prawns Fry, Pepper Prawns, Ginger Prawns, Chilli Fish, Chilli Prawns, Mutton 65, Pepper Mutton, Chilli Chicken, Chicken 65, Chicken Drum Sticks, Chicken Majestic, Mushroom Masala, Veg Kofta, Dal Tadka, Arachu Vitta Sambar, Mango Kuzhambu, Farm Fresh Pizza, Mughlai Chicken Handi, Chicken Korma, Mutton Kofte, Chicken Pizza, Mutton 65 Pizza, Chicken Kheema Balls Pizza, Plain Rice, Veg Pulao, Chicken Dum Biryani, Mutton Dum Biryani, Fish Biryani, Plain Roti, Butter Roti, Gulab Jamun, Fresh Lime Soda, Lassi"
27,27,Non-Vegeterian,"Chicken Sheesh Kabab, Butter Chicken, Plain Rice, Chicken Dum Biryani, Chicken Fried Rice, Plain Roti, Plain Naan, Butter Naan, Gulab Jamun, Ice-cream, Fruit cream, Chocolate Brownie, Fresh Lime Soda, Lassi, Vanilla Milkshake, Chocolate Milkshake"
28,28,Vegetarian,"Haryali Paneer Tikka, Veg Spring Rolls, Gobi Manchurian, Chilli Paneer, Paneer  Tikka, Paneer Tikka Masala, Dal Tadka, Jeera Rice"
29,29,Non-Vegeterian,"Veg Pakora, Veg lollipop, Seekh Kabab, Bharwa Aloo, Paneer Tikka, Paneer Achari, Paneer Multani Tikka, Haryali Paneer Tikka, Paneer Amritsari Tikka, Mushroom Tikka, Mushroom Malai Tikka, Chilli Potatoes, Veg Spring Rolls, Veg Manchurian, Baby Corn, Chilli Paneer, Paneer  Tikka, Paneer 65, Chicken Tandoori, Chicken Sheesh Kabab, Chicken Tikka Dry, Chicken Achari, Chicken Malai, Chicken Pakora, Chicken Roast, Pepper Garlic Chicken, Lemon Chicken, Cashew Chicken, Chicken Fry, Chicken RR, Apollo Fish, Chilli Fish, Mushroom Masala, Paneer Butter Masala, Kadaai Paneer, Paneer Tikka Masala, Veg Kofta, Plain Dosa, Bendekaayi Gojju (Ladys Finger Gravy), Mix Veg Curry, Farm Fresh Pizza, Mughlai Chicken Handi, Butter Chicken, South Indian Chicken masala, Chicken Chettinad, Chicken Korma, Malvani Chicken Curry, Chicken Madagascar, Chicken Pizza, Chicken Pepperoni Piza, Chicken Kheema Balls Pizza, Plain Rice, Paneer Pulao, Chicken Dum Biryani, Chicken Fried Rice, Chicken Pulao, Butter Roti, Plain Naan, Butter Naan, Gulab Jamun, Ice-cream, Fruit cream, Chocolate Brownie, Chocolate Pastry, Fresh Lime Soda, Lassi"
30,30,Non-Vegeterian,"Chicken Tandoori, Plain Dosa, Butter Chicken, South Indian Chicken masala, Chicken Pizza, Chicken Dum Biryani, Plain Naan, Garlic Naan, Lacha Paratha, Gulab Jamun, Moong daal Halwa, Virgin Mojito"
31,31,Non-Vegeterian,"Crispy Corn, Chilli Mushroom, Chicken Tandoori, Chicken Malai, Pepper Prawns, Chicken 65, Butter Chicken, Barbeque Chicken with Breast, Chicken Dum Biryani, Gulab Jamun, Ice-cream, Chocolate Brownie, Virgin Mojito"
32,32,Vegetarian,"Paneer Tikka, Chilli Potatoes, Veg Manchurian, Crispy Corn, Paneer Butter Masala, Veg Kofta, Jeera Rice, Veg biryani, Butter Naan, Gulab Jamun, Ice-cream, Moong daal Halwa, Chocolate Milkshake, Virgin Mojito"
33,33,Non-Vegeterian,"Veg Cutlet, Paneer Tikka, Baby Corn, Chicken Tandoori, Chicken Tikka Dry, Chicken Achari, Chicken Malai, Chicken Pakora, Cashew Chicken, Chicken Fry, Murgh Tangdi Kabab, Mutton Fry, Mutton Seekh Kabab, Mutton Awadhi Kabab, Mutton Cutlet, Prawns Fry, Ginger Prawns, Mutton 65, Chicken Drum Sticks, Paneer Butter Masala, Kadaai Paneer, Mughlai Chicken Handi, Chicken Korma, Plain Rice, Jeera Rice, Plain Roti, Lacha Paratha, Gulab Jamun, Shahi Tukda, Virgin Mojito"
34,34,Non-Vegeterian,"Bharwa Aloo, Paneer Tikka, Mushroom Malai Tikka, Chicken Achari, Chicken Roast, Pepper Garlic Chicken, Kadaai Paneer, Paneer Tikka Masala, Mughlai Chicken Handi, Butter Chicken, Chicken Pizza, Jeera Rice, Veg Dum Biryani, Butter Roti, Garlic Naan, Gulab Jamun, Chocolate Brownie, Lassi"
35,35,Non-Vegeterian,"Paneer Tikka, Chilli Paneer, Chicken Tandoori, Chicken Roast, Paneer Butter Masala, Kadaai Paneer, Mughlai Chicken Handi, Butter Chicken, Chicken Korma, Plain Rice, Jeera Rice, Garlic Naan, Gulab Jamun, Lassi"
36,36,Non-Vegeterian,"Chicken Tandoori, Lemon Chicken, Cashew Chicken, Fish tikka, Prawns Fry, Golden Prawns, Apollo Fish, Chilli Fish, Chilli Chicken, Chicken Drum Sticks, Butter Chicken, Chicken Dum Biryani, Chicken Fried Rice, Prawns Biryani, Chicken Pulao, Mutton Dum Biryani, Fish Biryani, Ice-cream, Fresh Lime Soda"
37,37,Non-Vegeterian,"Chicken Pakora, Cashew Chicken, Chicken 65, Chicken Drum Sticks, Chicken Pizza, Chicken Dum Biryani, Butter Naan, Lacha Paratha, Gulab Jamun, Ice-cream, Malai Kulfi, Shahi Tukda, Carrot Halwa, Vanilla Milkshake, Chocolate Milkshake"
38,38,Non-Vegeterian,"Mushroom Tikka, Chilli Potatoes, Crispy Corn, Chilli Mushroom, Paneer 65, Chicken Sheesh Kabab, Chicken Pakora, Pepper Garlic Chicken, Fish Fry, Pepper Prawns, Chicken Manchurian, Mushroom Masala, Kadaai Paneer, South Indian Chicken masala, Chicken Chettinad, Barbeque Chicken with Breast, Chicken Dum Biryani, Chicken Fried Rice, Prawns Biryani, Garlic Naan, Lacha Paratha, Gulab Jamun, Ice-cream, Chocolate Brownie, Malai Kulfi, Lassi, Vanilla Milkshake"
39,39,Non-Vegeterian,"Paneer Tikka, Mushroom Tikka, Chicken Tandoori, Chicken Sheesh Kabab, Chicken Tikka Dry, Chicken Malai, Chicken Roast, Chicken Fry, Chilli Chicken, Chicken 65, Chicken Drum Sticks, Garlic Naan, Ice-cream, Lassi"
40,40,Non-Vegeterian,"Veg Cutlet, Veg Dumplings, Haryali Paneer Tikka, Veg Platter, Crispy Corn, Gobi Manchurian, Chicken Malai, Pepper Garlic Chicken, Mutton Cutlet, Fish Fry, Chilli Chicken, Chicken Majestic, Paneer Butter Masala, Arachu Vitta Sambar, Avial with Kerala Red Rice, Corn Cheese Pizza, South Indian Chicken masala, Chicken Chettinad, Lemon Rice, Chicken Pulao, Mutton Dum Biryani, Gulab Jamun, Ice-cream, Chocolate Brownie, Malai Kulfi, Fresh Lime Soda"
41,41,Non-Vegeterian,"Paneer Tikka, Chilli Paneer, Chicken Tandoori, Chicken Sheesh Kabab, Chicken Tikka Dry, Chicken Pakora, Murgh Tangdi Kabab, Mutton Fry, Mutton Seekh Kabab, Paneer Tikka Masala, Mughlai Chicken Handi, Mutton Kofte, Matar Pulao, Paneer Pulao, Chicken Dum Biryani, Mutton Biryani, Butter Roti, Butter Naan, Gulab Jamun, Ice-cream, Kesariya Kheer, Fruit cream, Chocolate Pastry, Malai Kulfi, Shahi Tukda, Carrot Halwa, Moong daal Halwa, Chocolate Milkshake"
42,42,Vegetarian,"Mushroom Tikka, Veg Manchurian, Pepper Garlic Chicken, Mutton RR, Chicken Majestic, Avial with Kerala Red Rice, Farm Fresh Pizza, Malvani Chicken Curry, Mutton 65 Pizza, Mutton Dum Biryani, Chocolate Brownie, Fresh Lime Soda"
43,43,Non-Vegeterian,"Mushroom Tikka, Mushroom Malai Tikka, Gobi Manchurian, Chilli Mushroom, Chicken Tandoori, Chicken Tikka Dry, Chicken Achari, Murgh Lasooni Kabab, Prawns Fry, Pepper Prawns, Dal Tadka, Farm Fresh Pizza, Mughlai Chicken Handi, Chicken Chettinad, Jeera Rice, Veg Dum Biryani, Plain Naan, Garlic Naan, Lacha Paratha, Kesariya Kheer, Malai Kulfi, Carrot Halwa, Lassi, Chocolate Milkshake"
44,44,Non-Vegeterian,"Paneer 65, Chicken Roast, Pepper Garlic Chicken, Butter Chicken"
45,45,Vegetarian,"Veg Cutlet, Paneer Tikka, Chilli Potatoes, Veg Spring Rolls, Veg Manchurian, Chicken Tandoori, Pepper Garlic Chicken, Mutton Fry, Fish Fry, Butter Garlic Prawns, Chicken 65, Kadaai Paneer, Mix Veg Curry, Farm Fresh Pizza, Butter Chicken, Jeera Rice, Veg Pulao, Veg Dum Biryani, Mutton Dum Biryani, Mutton Biryani, Fish Biryani, Butter Roti, Garlic Naan, Lacha Paratha, Fruit cream, Carrot Halwa, Moong daal Halwa, Fresh Lime Soda"
46,46,Vegetarian,"Mushroom Tikka, Veg Platter, Veg Manchurian, Crispy Corn, Gobi Manchurian, Mushroom Masala, Plain Dosa, Dal Tadka, Farm Fresh Pizza, Matar Pulao, Plain Roti, Butter Roti, Butter Naan, Garlic Naan, Gulab Jamun, Ice-cream, Chocolate Brownie, Carrot Halwa, Chocolate Milkshake"
47,47,Non-Vegeterian,"Veg lollipop, Paneer Multani Tikka, Crispy Corn, Baby Corn, Gobi Manchurian, Paneer  Tikka, Chicken Tandoori, Pepper Garlic Chicken, Cashew Chicken, Chicken Fry, Fish Fry, Butter Garlic Prawns, Apollo Fish, Chilli Chicken, Paneer Butter Masala, Kadaai Paneer, Mix Veg Curry, Mughlai Chicken Handi, Chicken Pizza, Jeera Rice, Paneer Pulao, Veg Dum Biryani, Mutton Dum Biryani, Mixed Non-Veg Fried Rice, Butter Roti, Butter Naan, Lacha Paratha, Gulab Jamun, Ice-cream, Carrot Halwa, Moong daal Halwa, Lassi, Vanilla Milkshake"
48,48,Vegetarian,"Chilli Potatoes, Veg Spring Rolls, Chilli Paneer, Chicken Tandoori, Paneer Butter Masala, Corn Cheese Pizza, Jeera Rice, Butter Naan, Gulab Jamun, Ice-cream, Fresh Lime Soda, Ice Tea"
49,49,Vegetarian,"Veg Cutlet, Veg lollipop, Paneer Tikka, Paneer Achari, Mushroom Malai Tikka, Chilli Potatoes, Veg Spring Rolls, Veg Manchurian, Baby Corn, Paneer  Tikka, Chicken Tandoori, Chicken Sheesh Kabab, Chicken Pakora, Pepper Garlic Chicken, Lemon Chicken, Cashew Chicken, Chicken Fry, Chilli Prawns, Mutton 65, Chicken Drum Sticks, Mushroom Masala, Paneer Butter Masala, Dal Tadka, Mango Kuzhambu, Farm Fresh Pizza, Corn Cheese Pizza, Mughlai Chicken Handi, South Indian Chicken masala, Malvani Chicken Curry, Chicken Madagascar, Chicken Pizza, Mutton 65 Pizza, Plain Rice, Jeera Rice, Veg biryani, Lemon Rice, Chicken Fried Rice, Plain Roti, Garlic Naan, Gulab Jamun, Ice-cream, Fruit cream, Carrot Halwa, Lassi, Vanilla Milkshake, Chocolate Milkshake, Virgin Mojito"
50,50,Non-Vegeterian,"Hara Bara Kabab, Mushroom Malai Tikka, Crispy Corn, Chilli Mushroom, Chilli Paneer, Chicken Malai, Mutton Seekh Kabab, Mutton Awadhi Kabab, Kadaai Paneer, Aloo Gobi Masala, Dal Tadka, Butter Chicken, South Indian Chicken masala, Plain Rice, Jeera Rice, Veg Dum Biryani, Mixed Non-Veg Fried Rice, Mix-Veg Fried Rice, Plain Roti, Butter Roti, Plain Naan, Kesariya Kheer, Chocolate Brownie, Malai Kulfi, Fresh Lime Soda, Lassi"
51,51,Non-Vegeterian,"Veg Cutlet, Veg Dumplings, Veg Pakora, Veg lollipop, Hara Bara Kabab, Seekh Kabab, Bharwa Aloo, Paneer Tikka, Paneer Achari, Paneer Multani Tikka, Haryali Paneer Tikka, Paneer Amritsari Tikka, Mushroom Tikka, Mushroom Malai Tikka, Veg Platter, Chilli Potatoes, Veg Spring Rolls, Veg Manchurian, Crispy Corn, Baby Corn, Gobi Manchurian, Chilli Mushroom, Chilli Paneer, Paneer  Tikka, Paneer 65, Chicken Tandoori, Chicken Sheesh Kabab, Chicken Tikka Dry, Chicken Achari, Chicken Malai, Chicken Pakora, Chicken Roast, Pepper Garlic Chicken, Lemon Chicken, Cashew Chicken, Chicken Fry, Chicken RR, Murgh Tangdi Kabab, Murgh Lasooni Kabab, Mutton Fry, Mutton RR, Mutton Seekh Kabab, Mutton Awadhi Kabab, Mutton Cutlet, Mutton Pepper Fry, Fish tikka, Fish Fry, Tandoori Fish, Prawns Fry, Golden Prawns, Butter Garlic Prawns, Pepper Prawns, Ginger Prawns, Apollo Fish, Chilli Fish, Fish Manchurian, Loose Prawns, Prawns Manchurian, Chilli Prawns, Mutton 65, Pepper Mutton, Chicken Manchurian, Chilli Chicken, Chicken 65, Chicken Drum Sticks, Chicken Majestic, Mushroom Masala, Paneer Butter Masala, Kadaai Paneer, Paneer Tikka Masala, Veg Kofta, Aloo Gobi Masala, Plain Dosa, Dal Tadka, Arachu Vitta Sambar, Avial with Kerala Red Rice, Bendekaayi Gojju (Ladys Finger Gravy), Mango Kuzhambu, Mix Veg Curry, Farm Fresh Pizza, Corn Cheese Pizza, Margarita Pizza, Hyderabadi Keema, Veg Pulao, Lacha Paratha, Malai Kulfi, Virgin Mojito"
52,52,Non-Vegeterian,"Seekh Kabab, Paneer Tikka, Chicken Tandoori, Chicken Malai, Fish tikka, Butter Chicken, Butter Naan, Garlic Naan, Gulab Jamun, Chocolate Brownie, Fresh Lime Soda, Virgin Mojito"
53,53,Non-Vegeterian,"Lacha Paratha, Shahi Tukda"
54,54,Non-Vegeterian,"Paneer Tikka, Crispy Corn, Chicken Sheesh Kabab, Chocolate Brownie, Malai Kulfi, Fresh Lime Soda"
55,55,Non-Vegeterian,"Veg Platter, Chilli Potatoes, Crispy Corn, Gobi Manchurian, Paneer 65, Chicken Tandoori, Chicken Tikka Dry, Chicken Roast, Lemon Chicken, Fish Fry, Prawns Fry, Ginger Prawns, Chicken Manchurian, Chicken 65, Paneer Butter Masala, Paneer Tikka Masala, Dal Tadka, Farm Fresh Pizza, Mughlai Chicken Handi, Butter Chicken, Mutton 65 Pizza, Plain Rice, Jeera Rice, Matar Pulao, Chicken Dum Biryani, Chicken Fried Rice, Mix-Veg Fried Rice, Plain Roti, Butter Roti, Plain Naan, Butter Naan, Garlic Naan, Ice-cream, Chocolate Brownie, Chocolate Pastry, Fresh Lime Soda, Vanilla Milkshake, Chocolate Milkshake, Ice Tea, Virgin Mojito"
56,56,Non-Vegeterian,"Paneer Tikka, Veg Spring Rolls, Veg Manchurian, Crispy Corn, Chicken Tandoori, Chicken 65, Chicken Drum Sticks, Chicken Majestic, Paneer Butter Masala, Mughlai Chicken Handi, Paneer Pulao, Chicken Dum Biryani, Chicken Fried Rice, Butter Naan, Chocolate Brownie, Fresh Lime Soda"
57,57,Non-Vegeterian,"Veg Cutlet, Hara Bara Kabab, Paneer Tikka, Veg Platter, Crispy Corn, Baby Corn, Gobi Manchurian, Chilli Paneer, Paneer  Tikka, Chicken Sheesh Kabab, Chicken Malai, Pepper Garlic Chicken, Lemon Chicken, Cashew Chicken, Chicken Fry, Mutton Cutlet, Fish tikka, Fish Fry, Apollo Fish, Chilli Chicken, Chicken 65, Chicken Drum Sticks, Chicken Majestic, Paneer Butter Masala, Kadaai Paneer, Paneer Tikka Masala, Veg Kofta, Dal Tadka, Mix Veg Curry, Butter Chicken, South Indian Chicken masala, Plain Rice, Paneer Pulao, Veg biryani, Lemon Rice, Chicken Dum Biryani, Chicken Fried Rice, Mutton Dum Biryani, Mutton Biryani, Mixed Non-Veg Fried Rice, Butter Roti, Garlic Naan, Lacha Paratha, Gulab Jamun, Ice-cream, Chocolate Brownie, Chocolate Pastry, Carrot Halwa, Fresh Lime Soda, Virgin Mojito"
58,58,Vegetarian,"Veg lollipop, Jeera Rice, Ice-cream, Lassi"
59,59,Non-Vegeterian,"Veg Cutlet, Seekh Kabab, Mushroom Tikka, Gobi Manchurian, Chilli Mushroom, Chicken Tandoori, Chicken Roast, Lemon Chicken, Chicken Fry, Fish Fry, Prawns Manchurian, Chilli Prawns, Chicken Chettinad, Chicken Korma, Barbeque Chicken with Breast, Chicken Dum Biryani, Chicken Pulao, Mutton Dum Biryani, Mutton Biryani, Fresh Lime Soda, Lassi, Virgin Mojito"
60,60,Vegetarian,"Veg Cutlet, Veg lollipop, Paneer Multani Tikka, Chilli Potatoes, Veg Spring Rolls, Chilli Paneer, Kadaai Paneer, Paneer Tikka Masala, Plain Dosa, Dal Tadka, Jeera Rice, Matar Pulao, Butter Naan, Garlic Naan, Carrot Halwa, Vanilla Milkshake"
61,61,Vegetarian,"Veg Pakora, Hara Bara Kabab, Paneer Tikka, Haryali Paneer Tikka, Chilli Potatoes, Veg Spring Rolls, Veg Manchurian, Crispy Corn, Gobi Manchurian, Paneer Butter Masala, Kadaai Paneer, Paneer Tikka Masala, Veg Kofta, Aloo Gobi Masala, Jeera Rice, Matar Pulao, Paneer Pulao, Veg Pulao, Veg biryani, Veg Dum Biryani, Mix-Veg Fried Rice, Plain Roti, Butter Roti, Butter Naan, Garlic Naan, Gulab Jamun, Ice-cream, Malai Kulfi, Carrot Halwa, Moong daal Halwa, Fresh Lime Soda, Lassi, Vanilla Milkshake, Ice Tea, Virgin Mojito"
62,62,Non-Vegeterian,"Paneer  Tikka, Chicken Tandoori, Chicken Tikka Dry, Pepper Garlic Chicken, Chicken Fry, Prawns Fry, Butter Chicken, Ulavacharu Chicken, Chicken Dum Biryani, Butter Naan"
63,63,Non-Vegeterian,"Crispy Corn, Chicken Roast, Paneer Butter Masala, Chicken Chettinad, Nihari Gosht, Matar Pulao, Paneer Pulao, Chicken Dum Biryani, Mutton Biryani, Butter Roti, Butter Naan, Lacha Paratha, Gulab Jamun, Ice-cream, Chocolate Brownie, Carrot Halwa, Moong daal Halwa, Fresh Lime Soda, Virgin Mojito"
64,64,Non-Vegeterian,"Hara Bara Kabab, Seekh Kabab, Chicken Tandoori, Chicken Tikka Dry, Chicken Fry, Chicken Manchurian, Mushroom Masala, Aloo Gobi Masala, Mughlai Chicken Handi, Butter Chicken, Chicken Korma, Barbeque Chicken with Breast, Jeera Rice, Matar Pulao, Chicken Dum Biryani, Butter Roti, Butter Naan, Lacha Paratha, Gulab Jamun, Ice-cream, Chocolate Pastry, Moong daal Halwa, Fresh Lime Soda, Lassi, Chocolate Milkshake"
65,65,Vegetarian,"Veg Cutlet, Paneer Tikka, Chilli Mushroom, Mushroom Masala, Paneer Butter Masala, Kadaai Paneer, Paneer Tikka Masala, Dal Tadka, Jeera Rice, Paneer Pulao, Veg Pulao, Veg biryani, Veg Dum Biryani, Lemon Rice, Butter Roti, Butter Naan, Gulab Jamun, Ice-cream, Kesariya Kheer, Fruit cream, Chocolate Brownie, Chocolate Pastry, Malai Kulfi, Carrot Halwa, Lassi, Vanilla Milkshake, Chocolate Milkshake, Ice Tea"
66,66,Non-Vegeterian,"Seekh Kabab, Chicken Sheesh Kabab, Chicken Tikka Dry, Mughlai Chicken Handi, Butter Chicken, Plain Rice, Butter Roti, Chocolate Brownie, Fresh Lime Soda"
67,67,Vegetarian,"Veg Cutlet, Veg lollipop, Paneer Tikka, Paneer Achari, Paneer Multani Tikka, Paneer Amritsari Tikka, Veg Platter, Chilli Potatoes, Veg Spring Rolls, Veg Manchurian, Crispy Corn, Baby Corn, Chilli Paneer, Paneer  Tikka, Paneer 65, Paneer Butter Masala, Kadaai Paneer, Paneer Tikka Masala, Dal Tadka, Farm Fresh Pizza, Corn Cheese Pizza, Jeera Rice, Matar Pulao, Paneer Pulao, Veg Pulao, Veg biryani, Veg Dum Biryani, Butter Naan, Garlic Naan, Lacha Paratha, Ice-cream, Lassi"
68,68,Non-Vegeterian,"Seekh Kabab, Chilli Mushroom, Paneer  Tikka, Chicken Tandoori, Pepper Garlic Chicken, Mutton Pepper Fry, Chicken Drum Sticks, Mushroom Masala, Paneer Butter Masala, Butter Chicken, Chicken Chettinad, Barbeque Chicken with Breast, Mutton Biryani, Butter Naan, Garlic Naan, Lacha Paratha, Ice-cream, Chocolate Brownie, Fresh Lime Soda"
69,69,Non-Vegeterian,"Hara Bara Kabab, Paneer Tikka, Pepper Garlic Chicken, Lemon Chicken, Chicken RR, Mutton Fry, Fish tikka, Chilli Fish, Mushroom Masala, Aloo Gobi Masala, Arachu Vitta Sambar, Mango Kuzhambu, South Indian Chicken masala, Malvani Chicken Curry, Nihari Gosht, Chicken Pizza, Matar Pulao, Veg biryani, Chicken Fried Rice, Mutton Biryani, Butter Roti, Butter Naan, Ice-cream, Chocolate Pastry, Shahi Tukda, Carrot Halwa, Moong daal Halwa, Lassi, Vanilla Milkshake, Ice Tea"
70,70,Non-Vegeterian,"Seekh Kabab, Paneer Multani Tikka, Veg Manchurian, Paneer 65, Chicken Tandoori, Chicken Roast, Fish Fry, Chilli Chicken, Chicken 65, Chicken Drum Sticks, Kadaai Paneer, Paneer Tikka Masala, Mix Veg Curry, Chicken Korma, Chicken Madagascar, Chicken Kheema Balls Pizza, Plain Rice, Jeera Rice, Lemon Rice, Chicken Dum Biryani, Butter Naan, Garlic Naan, Gulab Jamun, Virgin Mojito"
71,71,Non-Vegeterian,"Veg Cutlet, Paneer Tikka, Chilli Potatoes, Paneer  Tikka, Paneer 65, Chicken Tandoori, Chicken Sheesh Kabab, Chicken Tikka Dry, Chicken Malai, Chicken Pakora, Chicken Roast, Pepper Garlic Chicken, Cashew Chicken, Chicken Fry, Chicken RR, Murgh Tangdi Kabab, Murgh Lasooni Kabab, Mutton Fry, Mutton RR, Mutton Seekh Kabab, Mutton Awadhi Kabab, Mutton Cutlet, Mutton Pepper Fry, Fish tikka, Fish Fry, Tandoori Fish, Prawns Fry, Golden Prawns, Butter Garlic Prawns, Pepper Prawns, Ginger Prawns, Apollo Fish, Chilli Fish, Fish Manchurian, Loose Prawns, Prawns Manchurian, Chilli Prawns, Mutton 65, Pepper Mutton, Chicken Manchurian, Chilli Chicken, Chicken 65, Chicken Drum Sticks, Chicken Majestic, Paneer Butter Masala, Kadaai Paneer, Paneer Tikka Masala, Aloo Gobi Masala, Plain Dosa, Avial with Kerala Red Rice, Farm Fresh Pizza, Margarita Pizza, Mughlai Chicken Handi, Butter Chicken, South Indian Chicken masala, Chicken Chettinad, Chicken Korma, Malvani Chicken Curry, Mutton Kofte, Nihari Gosht, Hyderabadi Keema, Barbeque Chicken with Breast, Chicken Madagascar, Chicken Pizza, Mutton 65 Pizza, Chicken Pepperoni Piza, Chicken Kheema Balls Pizza, Plain Rice, Paneer Pulao, Veg Pulao, Veg biryani, Chicken Dum Biryani, Chicken Fried Rice, Prawns Biryani, Chicken Pulao, Mutton Dum Biryani, Mutton Biryani, Fish Biryani, Mixed Non-Veg Fried Rice, Mix-Veg Fried Rice, Plain Roti, Butter Roti, Plain Naan, Butter Naan, Garlic Naan, Lacha Paratha, Gulab Jamun, Ice-cream, Kesariya Kheer, Fruit cream, Chocolate Brownie, Chocolate Pastry, Malai Kulfi, Shahi Tukda, Carrot Halwa, Moong daal Halwa, Fresh Lime Soda, Lassi, Vanilla Milkshake, Chocolate Milkshake, Ice Tea, Virgin Mojito"
72,72,Non-Vegeterian,"Seekh Kabab, Paneer Tikka, Paneer Multani Tikka, Haryali Paneer Tikka, Gobi Manchurian, Chilli Mushroom, Paneer 65, Chicken Tandoori, Chicken Sheesh Kabab, Chicken Tikka Dry, Pepper Garlic Chicken, Chicken Fry, Murgh Tangdi Kabab, Mutton Pepper Fry, Fish Fry, Prawns Fry, Chilli Fish, Pepper Mutton, Chicken 65, Mushroom Masala, Paneer Butter Masala, Kadaai Paneer, Paneer Tikka Masala, Arachu Vitta Sambar, Corn Cheese Pizza, Margarita Pizza, Mughlai Chicken Handi, Butter Chicken, South Indian Chicken masala, Chicken Chettinad, Chicken Korma, Mutton Kofte, Hyderabadi Keema, Chicken Pizza, Plain Rice, Veg Pulao, Veg biryani, Veg Dum Biryani, Lemon Rice, Prawns Biryani, Mutton Dum Biryani, Mutton Biryani, Mix-Veg Fried Rice, Butter Roti, Plain Naan, Butter Naan, Garlic Naan, Gulab Jamun, Ice-cream, Malai Kulfi, Carrot Halwa, Lassi, Chocolate Milkshake, Ice Tea"
73,73,Non-Vegeterian,"Veg Cutlet, Veg lollipop, Paneer Tikka, Paneer Amritsari Tikka, Mushroom Tikka, Mushroom Malai Tikka, Veg Platter, Veg Spring Rolls, Veg Manchurian, Baby Corn, Gobi Manchurian, Chilli Mushroom, Chilli Paneer, Paneer  Tikka, Paneer 65, Chicken Tandoori, Chicken Tikka Dry, Chicken Pakora, Chicken Roast, Pepper Garlic Chicken, Lemon Chicken, Chicken Fry, Chicken RR, Murgh Tangdi Kabab, Murgh Lasooni Kabab, Fish tikka, Fish Fry, Tandoori Fish, Chilli Fish, Fish Manchurian, Chicken Manchurian, Chilli Chicken, Chicken 65, Chicken Drum Sticks, Mushroom Masala, Paneer Butter Masala, Kadaai Paneer, Paneer Tikka Masala, Aloo Gobi Masala, Dal Tadka, Mix Veg Curry, Farm Fresh Pizza, Corn Cheese Pizza, Mughlai Chicken Handi, Butter Chicken, Chicken Korma, Barbeque Chicken with Breast, Chicken Pizza, Chicken Pepperoni Piza, Chicken Kheema Balls Pizza, Plain Rice, Jeera Rice, Matar Pulao, Paneer Pulao, Veg Pulao, Lemon Rice, Chicken Dum Biryani, Chicken Fried Rice, Chicken Pulao, Fish Biryani, Mixed Non-Veg Fried Rice, Mix-Veg Fried Rice, Plain Roti, Butter Roti, Plain Naan, Butter Naan, Garlic Naan, Lacha Paratha, Gulab Jamun, Ice-cream, Chocolate Pastry, Carrot Halwa, Fresh Lime Soda, Lassi, Virgin Mojito"
74,74,Vegetarian,"Veg lollipop, Paneer Tikka, Paneer Achari, Haryali Paneer Tikka, Veg Platter, Crispy Corn, Baby Corn, Paneer Butter Masala, Kadaai Paneer, Veg Kofta, Farm Fresh Pizza, Corn Cheese Pizza, Margarita Pizza, Jeera Rice, Garlic Naan, Lacha Paratha, Chocolate Brownie, Shahi Tukda, Lassi, Chocolate Milkshake, Virgin Mojito"
75,75,Vegetarian,"Paneer Tikka, Paneer Achari, Veg Platter, Chilli Potatoes, Veg Spring Rolls, Veg Manchurian, Chilli Paneer, Paneer  Tikka, Paneer 65, Paneer Tikka Masala, Veg Kofta, Plain Dosa, Dal Tadka, Farm Fresh Pizza, Corn Cheese Pizza, Margarita Pizza, Plain Rice, Jeera Rice, Matar Pulao, Veg Pulao, Veg biryani, Butter Roti, Plain Naan, Butter Naan, Ice-cream, Chocolate Brownie, Chocolate Pastry, Carrot Halwa, Vanilla Milkshake, Chocolate Milkshake, Cold drink "
76,76,Non-Vegeterian,"Veg Cutlet, Veg Dumplings, Veg Pakora, Veg lollipop, Hara Bara Kabab, Seekh Kabab, Bharwa Aloo, Paneer Tikka, Paneer Achari, Paneer Multani Tikka, Haryali Paneer Tikka, Paneer Amritsari Tikka, Mushroom Tikka, Mushroom Malai Tikka, Veg Platter, Chilli Potatoes, Veg Spring Rolls, Veg Manchurian, Crispy Corn, Baby Corn, Gobi Manchurian, Chilli Mushroom, Chilli Paneer, Paneer  Tikka, Paneer 65, Chicken Tandoori, Chicken Sheesh Kabab, Chicken Tikka Dry, Chicken Achari, Chicken Malai, Chicken Pakora, Chicken Roast, Pepper Garlic Chicken, Lemon Chicken, Cashew Chicken, Chicken Fry, Chicken RR, Murgh Tangdi Kabab, Murgh Lasooni Kabab, Mutton Fry, Mutton RR, Mutton Seekh Kabab, Mutton Awadhi Kabab, Mutton Cutlet, Mutton Pepper Fry, Fish tikka, Fish Fry, Tandoori Fish, Prawns Fry, Golden Prawns, Butter Garlic Prawns, Pepper Prawns, Ginger Prawns, Apollo Fish, Chilli Fish, Fish Manchurian, Loose Prawns, Prawns Manchurian, Chilli Prawns, Mutton 65, Pepper Mutton, Chicken Manchurian, Chilli Chicken, Chicken 65, Chicken Drum Sticks, Chicken Majestic, Mushroom Masala, Paneer Butter Masala, Kadaai Paneer, Paneer Tikka Masala, Veg Kofta, Aloo Gobi Masala, Plain Dosa, Dal Tadka, Arachu Vitta Sambar, Avial with Kerala Red Rice, Bendekaayi Gojju (Ladys Finger Gravy), Mango Kuzhambu, Mix Veg Curry, Farm Fresh Pizza, Corn Cheese Pizza, Margarita Pizza, Mughlai Chicken Handi, Butter Chicken, South Indian Chicken masala, Chicken Chettinad, Chicken Korma, Malvani Chicken Curry, Mutton Kofte, Nihari Gosht, Hyderabadi Keema, Barbeque Chicken with Breast, Chicken Madagascar, Chicken Pizza, Mutton 65 Pizza, Chicken Pepperoni Piza, Chicken Kheema Balls Pizza, Plain Rice, Jeera Rice, Matar Pulao, Paneer Pulao, Veg Pulao, Veg biryani, Veg Dum Biryani, Lemon Rice, Chicken Dum Biryani, Chicken Fried Rice, Prawns Biryani, Chicken Pulao, Mutton Dum Biryani, Mutton Biryani, Fish Biryani, Mixed Non-Veg Fried Rice, Mix-Veg Fried Rice, Plain Roti, Butter Roti, Plain Naan, Butter Naan, Garlic Naan, Lacha Paratha, Gulab Jamun, Ice-cream, Kesariya Kheer, Fruit cream, Chocolate Brownie, Chocolate Pastry, Malai Kulfi, Shahi Tukda, Carrot Halwa, Moong daal Halwa, Fresh Lime Soda, Lassi, Vanilla Milkshake, Chocolate Milkshake, Ice Tea, Virgin Mojito"
77,77,Non-Vegeterian,"Veg Cutlet, Veg Dumplings, Hara Bara Kabab, Seekh Kabab, Paneer Tikka, Paneer Achari, Paneer Multani Tikka, Haryali Paneer Tikka, Paneer Amritsari Tikka, Veg Platter, Chilli Potatoes, Veg Spring Rolls, Veg Manchurian, Crispy Corn, Baby Corn, Chicken Tandoori, Chicken Achari, Chicken Fry, Murgh Tangdi Kabab, Murgh Lasooni Kabab, Mutton Seekh Kabab, Mutton Awadhi Kabab, Fish tikka, Fish Fry, Tandoori Fish, Kadaai Paneer, Paneer Tikka Masala, Veg Kofta, Aloo Gobi Masala, Plain Dosa, Dal Tadka, Farm Fresh Pizza, Margarita Pizza, Mughlai Chicken Handi, Butter Chicken, South Indian Chicken masala, Chicken Chettinad, Malvani Chicken Curry, Nihari Gosht, Plain Rice, Veg Dum Biryani, Chicken Dum Biryani, Mutton Dum Biryani, Plain Roti, Garlic Naan, Lacha Paratha, Gulab Jamun, Ice-cream, Malai Kulfi, Shahi Tukda, Rasmalai, Fresh Lime Soda, Lassi, Ice Tea, Virgin Mojito"
78,78,Non-Vegeterian,"Arachu Vitta Sambar, Plain Rice, Chapatji, parotta, Milk basandi"
79,79,Non-Vegeterian,"Hara Bara Kabab, Seekh Kabab, Paneer Tikka, Paneer Achari, Paneer Multani Tikka, Baby Corn, Gobi Manchurian, Chilli Paneer, Paneer  Tikka, Paneer 65, Chicken Tandoori, Chicken Tikka Dry, Chicken Achari, Chicken Malai, Pepper Garlic Chicken, Lemon Chicken, Chicken Fry, Murgh Lasooni Kabab, Fish Fry, Prawns Fry, Butter Garlic Prawns, Pepper Prawns, Prawns Manchurian, Chilli Chicken, Chicken 65, Chicken Drum Sticks, Paneer Butter Masala, Kadaai Paneer, Paneer Tikka Masala, Dal Tadka, Margarita Pizza, Mughlai Chicken Handi, Butter Chicken, South Indian Chicken masala, Chicken Korma, Malvani Chicken Curry, Plain Rice, Paneer Pulao, Chicken Dum Biryani, Chicken Fried Rice, Prawns Biryani, Butter Naan, Gulab Jamun, Ice-cream, Kesariya Kheer, Fruit cream, Carrot Halwa, Fresh Lime Soda, Lassi"
80,80,Non-Vegeterian,"Gobi Manchurian, Chicken Tandoori, Fish Fry, Chicken Manchurian, Chilli Chicken, Chicken Drum Sticks, Butter Chicken, Chicken Dum Biryani, Fish Biryani, Plain Naan, Ice-cream, Malai Kulfi, Vanilla Milkshake"
81,81,Vegetarian,"Veg Cutlet, Chicken Tandoori, Paneer Butter Masala, South Indian Chicken masala, Chicken Dum Biryani, Plain Roti, Gulab Jamun, Fresh Lime Soda"
82,82,Vegetarian,"Arachu Vitta Sambar, Plain Rice, Chapatji, parotta, Milk basandi"
83,83,Non-Vegeterian,"Paneer Tikka, Crispy Corn, Baby Corn, Chilli Paneer, Paneer  Tikka, Chicken Tikka Dry, Pepper Garlic Chicken, Chicken Fry, Pepper Prawns, Chilli Chicken, Chicken 65, Paneer Butter Masala, Kadaai Paneer, Mix Veg Curry, Butter Chicken, South Indian Chicken masala, Jeera Rice, Chicken Dum Biryani, Plain Roti, Butter Roti, Gulab Jamun, Ice-cream, Kesariya Kheer, Fruit cream, Chocolate Brownie, Chocolate Pastry, Malai Kulfi, Shahi Tukda, Carrot Halwa, Moong daal Halwa, Fresh Lime Soda, Lassi"
84,84,Non-Vegeterian,"Chicken Tandoori, Chicken Pakora, Cashew Chicken, Chicken Fry, Chilli Chicken, Chicken 65, Chicken Drum Sticks, Mughlai Chicken Handi, Butter Chicken, South Indian Chicken masala, Barbeque Chicken with Breast, Chicken Pizza, Chicken Dum Biryani, Plain Naan, Butter Naan, Lacha Paratha, Gulab Jamun, Ice-cream, Chocolate Brownie, Malai Kulfi, Carrot Halwa, Moong daal Halwa, Vanilla Milkshake"
85,85,Non-Vegeterian,"Veg Manchurian, Paneer  Tikka, Paneer 65, Kadai paneer , Chicken Tandoori, Chicken Tikka Dry, Mutton Fry, Mutton 65, Chicken 65, Paneer Butter Masala, Kadaai Paneer, Butter Chicken, Hyderabadi Keema, Barbeque Chicken with Breast, Plain Rice, Jeera Rice, Lemon Rice, Chicken Dum Biryani, Plain Roti, Butter Roti, Butter Naan, Gulab Jamun, Ice-cream, Fruit cream, Malai Kulfi, Lassi"
86,86,Non-Vegeterian,"Veg Pakora, Gobi Manchurian, Chicken Tandoori, Pepper Garlic Chicken, Mutton Fry, Prawns Fry, Chilli Chicken, Plain Dosa, Mughlai Chicken Handi, Chicken Chettinad, Chicken Dum Biryani, Mutton Biryani, Mixed Non-Veg Fried Rice, Butter Naan, Ice-cream, Fresh Lime Soda"
87,87,Vegetarian,"Mushroom Tikka, Veg Manchurian, Chicken Tikka Dry, Mutton Fry, Mutton RR, Mutton Pepper Fry, Fish Fry, Kadaai Paneer, Chicken Chettinad, Veg biryani, Butter Roti, Butter Naan, Gulab Jamun, Fresh Lime Soda"
88,88,Non-Vegeterian,"Seekh Kabab, Paneer Achari, Haryali Paneer Tikka, Chilli Paneer, Paneer  Tikka, Paneer 65, Chicken Tandoori, Chicken Roast, Pepper Garlic Chicken, Lemon Chicken, Murgh Tangdi Kabab, Mutton RR, Mutton Awadhi Kabab, Fish tikka, Mutton 65, Chicken Manchurian, Paneer Butter Masala, Kadaai Paneer, Paneer Tikka Masala, Corn Cheese Pizza, Margarita Pizza, Mughlai Chicken Handi, Butter Chicken, Nihari Gosht, Mutton 65 Pizza, Paneer Pulao, Chicken Dum Biryani, Mutton Dum Biryani, Fish Biryani, Butter Roti, Butter Naan, Gulab Jamun, Ice-cream, Kesariya Kheer, Chocolate Brownie, Shahi Tukda, Chocolate Milkshake, Virgin Mojito"
89,89,Vegetarian,"Veg Cutlet, Veg lollipop, Paneer Tikka, Veg Spring Rolls, Veg Manchurian, Crispy Corn, Gobi Manchurian, Paneer  Tikka, Paneer Butter Masala, Kadaai Paneer, Paneer Tikka Masala, Corn Cheese Pizza, Jeera Rice, Matar Pulao, Paneer Pulao, Veg Pulao, Veg biryani, Veg Dum Biryani, Mix-Veg Fried Rice, Plain Roti, Gulab Jamun, Ice-cream, Fruit cream, Fresh Lime Soda, Lassi"
90,90,Vegetarian,"Veg Cutlet, Hara Bara Kabab, Paneer Tikka, Veg Spring Rolls, Baby Corn, Gobi Manchurian, Kadaai Paneer, Veg Kofta, Jeera Rice, Veg Dum Biryani"
91,91,Vegetarian,"Veg Cutlet, Paneer Tikka, Paneer Multani Tikka, Chilli Mushroom, Chilli Paneer"
92,92,Non-Vegeterian,"Seekh Kabab, Paneer Amritsari Tikka, Paneer 65, Chicken Tandoori, Chicken Sheesh Kabab, Chicken Malai, Chilli Chicken, Chicken Drum Sticks, Kadaai Paneer, Veg Kofta, Corn Cheese Pizza, Margarita Pizza, Butter Chicken, Barbeque Chicken with Breast, Chicken Pepperoni Piza, Chicken Kheema Balls Pizza, Plain Rice, Jeera Rice, Chicken Pulao, Mutton Dum Biryani, Mixed Non-Veg Fried Rice, Plain Roti, Butter Roti, Butter Naan, Garlic Naan, Lacha Paratha, Ice-cream, Carrot Halwa, Fresh Lime Soda"
93,93,Non-Vegeterian,"Mushroom Malai Tikka, Chicken Sheesh Kabab, Mutton Cutlet, Mushroom Masala, Butter Chicken, Veg Pulao, Butter Naan, Garlic Naan, Ice-cream, Chocolate Brownie, Lassi, Chocolate Milkshake"
94,94,Vegetarian,"Veg Pakora, Paneer Tikka, Veg Platter, Chilli Potatoes, Baby Corn, Chilli Paneer, Paneer  Tikka, Paneer Butter Masala, Kadaai Paneer, Plain Dosa, Mix Veg Curry, Plain Rice, Jeera Rice, Matar Pulao, Paneer Pulao, Veg Pulao, Veg biryani, Veg Dum Biryani, Lemon Rice, Plain Roti, Butter Roti, Plain Naan, Butter Naan, Gulab Jamun, Ice-cream, Kesariya Kheer, Fruit cream, Malai Kulfi, Shahi Tukda, Carrot Halwa, Moong daal Halwa, Fresh Lime Soda, Lassi, Vanilla Milkshake"
95,95,Vegetarian,"Paneer Tikka, Paneer Achari, Chilli Potatoes, Chilli Paneer, Paneer Butter Masala, Plain Dosa, Jeera Rice, Plain Naan, Butter Naan, Lacha Paratha, Gulab Jamun, Ice-cream, Fruit cream, Chocolate Brownie, Chocolate Pastry, Fresh Lime Soda, Vanilla Milkshake, Chocolate Milkshake, Ice Tea"
96,96,Non-Vegeterian,"Veg Cutlet, Veg Dumplings, Veg Pakora, Veg lollipop, Seekh Kabab, Bharwa Aloo, Paneer Multani Tikka, Haryali Paneer Tikka, Mushroom Tikka, Veg Platter, Chilli Potatoes, Veg Manchurian, Baby Corn, Chilli Mushroom, Paneer  Tikka, Chicken Tandoori, Chicken Sheesh Kabab, Chicken Tikka Dry, Chicken Malai, Chicken Pakora, Chicken Roast, Pepper Garlic Chicken, Lemon Chicken, Chicken Fry, Chicken RR, Murgh Tangdi Kabab, Murgh Lasooni Kabab, Mutton Fry, Mutton RR, Mutton Awadhi Kabab, Mutton Cutlet, Mutton Pepper Fry, Fish Fry, Prawns Fry, Butter Garlic Prawns, Pepper Prawns, Mushroom Masala, Paneer Butter Masala, Kadaai Paneer, Paneer Tikka Masala, Veg Kofta, Plain Dosa, Dal Tadka, Arachu Vitta Sambar, Avial with Kerala Red Rice, Bendekaayi Gojju (Ladys Finger Gravy), Mango Kuzhambu, Butter Chicken, South Indian Chicken masala, Chicken Chettinad, Chicken Korma, Malvani Chicken Curry, Nihari Gosht, Hyderabadi Keema, Chicken Madagascar, Mutton 65 Pizza, Chicken Pepperoni Piza, Plain Rice, Jeera Rice, Matar Pulao, Paneer Pulao, Chicken Dum Biryani, Mutton Dum Biryani, Mutton Biryani, Plain Roti, Butter Roti, Plain Naan, Butter Naan, Garlic Naan, Gulab Jamun, Ice-cream, Kesariya Kheer, Fruit cream, Chocolate Brownie, Chocolate Pastry, Malai Kulfi, Shahi Tukda, Carrot Halwa, Moong daal Halwa, Fresh Lime Soda, Lassi, Vanilla Milkshake, Ice Tea"
97,97,Non-Vegeterian,"Veg Dumplings, Veg lollipop, Chicken Tandoori, Chicken Fry, Mix Veg Curry, Barbeque Chicken with Breast, Chicken Pizza, Chicken Dum Biryani, Butter Naan, Garlic Naan, Ice-cream, Virgin Mojito"
98,98,Vegetarian,"Paneer Multani Tikka, Mushroom Tikka, Veg Platter, Chilli Potatoes, Veg Spring Rolls, Veg Manchurian, Baby Corn, Chilli Paneer, Paneer  Tikka, Kadaai Paneer, Paneer Tikka Masala, Arachu Vitta Sambar, Farm Fresh Pizza, Plain Rice, Jeera Rice, Paneer Pulao, Veg biryani, Plain Roti, Butter Roti, Butter Naan, Garlic Naan, Gulab Jamun, Ice-cream, Fresh Lime Soda, Lassi"
99,99,Non-Vegeterian,"Paneer Tikka, Veg Platter, Crispy Corn, Paneer 65, Chicken Tandoori, Chicken Tikka Dry, Chicken Pakora, Chicken Roast, Pepper Garlic Chicken, Lemon Chicken, Fish tikka, Fish Fry, Prawns Fry, Golden Prawns, Butter Garlic Prawns, Pepper Prawns, Ginger Prawns, Pepper Mutton, Chicken 65, Chicken Drum Sticks, Paneer Butter Masala, Paneer Tikka Masala, Arachu Vitta Sambar, Avial with Kerala Red Rice, Mix Veg Curry, Butter Chicken, South Indian Chicken masala, Chicken Chettinad, Chicken Pizza, Plain Rice, Chicken Dum Biryani, Prawns Biryani, Mutton Dum Biryani, Plain Roti, Gulab Jamun, Ice-cream, Lassi, Virgin Mojito"
100,100,Non-Vegeterian,"Veg Cutlet, Paneer Tikka, Gobi Manchurian, Chilli Paneer, Paneer 65, Chicken Tandoori, Chicken Tikka Dry, Chicken Malai, Prawns Fry, Apollo Fish, Loose Prawns, Chilli Chicken, Chicken 65, Paneer Butter Masala, Kadaai Paneer, Aloo Gobi Masala, Margarita Pizza, Butter Chicken, Plain Rice, Jeera Rice, Paneer Pulao, Veg Dum Biryani, Chicken Dum Biryani, Chicken Fried Rice, Prawns Biryani, Mutton Dum Biryani, Butter Naan, Gulab Jamun, Ice-cream, Chocolate Brownie, Carrot Halwa, Chocolate Milkshake"
101,101,Non-Vegeterian,"Chicken Tandoori, Chicken Tikka Dry, Murgh Tangdi Kabab, Mushroom Masala, Paneer Butter Masala, Paneer Tikka Masala, Butter Chicken, Chicken Chettinad, Barbeque Chicken with Breast, Chicken Pizza, Jeera Rice, Butter Roti, Butter Naan, Garlic Naan, Gulab Jamun, Virgin Mojito"
102,102,Non-Vegeterian,"Hara Bara Kabab, Seekh Kabab, Gobi Manchurian, Chicken Tandoori, Kadaai Paneer, Veg Kofta, Aloo Gobi Masala, Dal Tadka, Mughlai Chicken Handi, Mutton Kofte, Nihari Gosht, Hyderabadi Keema, Jeera Rice, Veg biryani, Veg Dum Biryani, Mutton Dum Biryani, Butter Roti, Butter Naan, Lacha Paratha, Gulab Jamun, Ice-cream, Shahi Tukda, Ice Tea"
103,103,Vegetarian,"Paneer Tikka, Veg Platter, Crispy Corn, Chilli Paneer, Kadaai Paneer, Dal Tadka, Mix Veg Curry, Jeera Rice, Plain Naan, Butter Naan"
104,104,Non-Vegeterian,"Chicken Tandoori, Chicken Sheesh Kabab, Chicken Tikka Dry, Chicken Fry, Murgh Tangdi Kabab, Murgh Lasooni Kabab, Mutton Fry, Mutton Seekh Kabab, Mutton Awadhi Kabab, Mutton 65, Chicken Manchurian, Chilli Chicken, Chicken 65, Butter Chicken, South Indian Chicken masala, Mutton Kofte, Chicken Dum Biryani, Chicken Fried Rice, Chicken Pulao, Mutton Dum Biryani, Mutton Biryani, Plain Roti, Ice-cream, Fruit cream, 7 up"
105,105,Non-Vegeterian,"Lacha Paratha, Kesariya Kheer, Carrot Halwa, Moong daal Halwa, Fresh Lime Soda"
106,106,Non-Vegeterian,"Veg Dumplings, Hara Bara Kabab, Mushroom Tikka, Baby Corn, Gobi Manchurian, Chicken Tandoori, Chicken Pakora, Pepper Garlic Chicken, Golden Prawns, Chilli Chicken, Paneer Butter Masala, Dal Tadka, Mix Veg Curry, Butter Chicken, Chicken Biryani, Chicken Dum Biryani, Plain Naan, Butter Naan, Gulab Jamun, Ice-cream, Carrot Halwa, Fresh Lime Soda, Lassi"
107,107,Non-Vegeterian,"Paneer  Tikka, Cheese Balls, Achari chicken wings, Paneer Butter Masala, Barbeque Chicken with Breast, Chicken Dum Biryani, Butter Naan, Chocolate Brownie, Coconut cooler "
108,108,Non-Vegeterian,"Prawns Fry, Pepper Mutton, Chicken 65, Kadaai Paneer, Dal Tadka, Butter Chicken, Chicken Pizza, Jeera Rice, Chicken Dum Biryani, Chicken Fried Rice, Mutton Biryani, Butter Naan, Chocolate Brownie, Fresh Lime Soda"
109,109,Non-Vegeterian,"Chicken Tandoori, Lemon Chicken, Prawns Fry, Prawns Manchurian, Butter Chicken, Chicken Korma, Chicken Pizza, Chicken Dum Biryani, Chicken Fried Rice, Prawns Biryani, Butter Roti, Butter Naan, Gulab Jamun, Ice-cream, Fruit cream, Chocolate Brownie, Chocolate Pastry, Carrot Halwa, Fresh Lime Soda, Chocolate Milkshake"
110,110,Non-Vegeterian,"Chicken Tandoori, Chicken Tikka Dry, Chicken Achari, Chicken Roast, Chicken Fry, Mutton Fry, Mutton Seekh Kabab, Mutton Pepper Fry, Mughlai Chicken Handi, Chicken Chettinad, Mutton Kofte, Hyderabadi Keema, Barbeque Chicken with Breast, Mutton 65 Pizza, Chicken Dum Biryani, Chicken Fried Rice, Mutton Dum Biryani, Mutton Biryani, Butter Roti, Butter Naan, Fresh Lime Soda"
111,111,Non-Vegeterian,"Chicken Tikka Dry, Fish tikka, Fish Fry, Golden Prawns, Chicken 65, Butter Chicken, Chicken Chettinad, Nihari Gosht, Jeera Rice, Mutton Dum Biryani, Plain Roti, Fresh Lime Soda"
112,112,Non-Vegeterian,"Crispy Corn, Baby Corn, Gobi Manchurian, Chicken Tandoori, Chicken Tikka Dry, Mutton 65, Mushroom Masala, Kadaai Paneer, Butter Chicken, Chicken Korma, Mutton Dum Biryani, Mutton Biryani, Butter Naan, Gulab Jamun, Ice-cream, Lassi"
113,113,Vegetarian,"Veg Cutlet, Hara Bara Kabab, Paneer Tikka, Veg Spring Rolls, Chilli Paneer, Paneer  Tikka, Paneer 65, Paneer Butter Masala, Veg Kofta, Dal Tadka, Jeera Rice, Veg Pulao, Mix-Veg Fried Rice, Plain Roti, Butter Naan, Gulab Jamun, Moong daal Halwa, Lassi, Virgin Mojito"
114,114,Non-Vegeterian,"Mushroom Tikka, Mushroom Malai Tikka, Gobi Manchurian, Chilli Mushroom, Chicken Tandoori, Chicken Sheesh Kabab, Chicken Tikka Dry, Chicken Achari, Chicken Malai, Chicken Pakora, Chicken Roast, Pepper Garlic Chicken, Lemon Chicken, Option 10, Chicken Fry, Chicken RR, Murgh Tangdi Kabab, Murgh Lasooni Kabab, Mutton Fry, Mutton RR, Mutton Seekh Kabab, Mutton Awadhi Kabab, Mutton Cutlet, Mutton Pepper Fry, Fish tikka, Fish Fry, Tandoori Fish, Prawns Fry, Golden Prawns, Butter Garlic Prawns, Pepper Prawns, Ginger Prawns, Apollo Fish, Chilli Fish, Fish Manchurian, Loose Prawns, Prawns Manchurian, Chilli Prawns, Mutton 65, Pepper Mutton, Chicken Manchurian, Chilli Chicken, Chicken Majestic, Mughlai Chicken Handi, Butter Chicken, South Indian Chicken masala, Chicken Chettinad, Chicken Korma, Malvani Chicken Curry, Mutton Kofte, Nihari Gosht, Hyderabadi Keema, Barbeque Chicken with Breast, Chicken Madagascar, Chicken Pizza, Mutton 65 Pizza, Chicken Pepperoni Piza, Chicken Kheema Balls Pizza, Chicken Dum Biryani, Chicken Fried Rice, Prawns Biryani, Chicken Pulao, Mutton Dum Biryani, Mutton Biryani, Fish Biryani, Mixed Non-Veg Fried Rice, Mix-Veg Fried Rice"
115,115,Vegetarian,"Paneer Tikka, Baby Corn, Kaju masala, Veg biryani, Kulcha, Gudbud Icecream , Fresh Lime Soda"
116,116,Non-Vegeterian,"Chilli Paneer, Tandoori Fish, Prawns Fry, Butter Garlic Prawns, Kadaai Paneer, Hyderabadi Keema, Veg biryani, Plain Naan, Butter Naan, Fruit cream, Malai Kulfi, Lassi, Ice Tea"
117,117,Vegetarian,Butter Roti
118,118,Non-Vegeterian,"Veg Manchurian, Chicken Tandoori, Mushroom Masala, Hyderabadi Keema, Veg Dum Biryani, Butter Roti, Fruit cream, Lassi"
119,119,Non-Vegeterian,"Baby Corn, Gobi Manchurian, Chicken Tandoori, Chicken Tikka Dry, Chicken Achari, Mushroom Masala, Paneer Butter Masala, Butter Chicken, Plain Rice, Jeera Rice, Veg biryani, Butter Naan, Chocolate Brownie, Vanilla Milkshake, Chocolate Milkshake"
120,120,Vegetarian,"Paneer Multani Tikka, Paneer 65, Paneer Butter Masala, Dal Tadka, Jeera Rice, Plain Roti, Gulab Jamun, Kesariya Kheer, Lassi"
121,121,Non-Vegeterian,"Veg Cutlet, Veg Pakora, Mushroom Tikka, Veg Manchurian, Crispy Corn, Gobi Manchurian, Chilli Mushroom, Chilli Paneer, Chicken Tandoori, Chicken Roast, Pepper Garlic Chicken, Lemon Chicken, Fish Fry, Apollo Fish, Chilli Chicken, Chicken 65, Mushroom Masala, Paneer Butter Masala, Kadaai Paneer, Paneer Tikka Masala, Veg Kofta, Plain Dosa, Dal Tadka, Mix Veg Curry, Farm Fresh Pizza, Corn Cheese Pizza, Butter Chicken, South Indian Chicken masala, Chicken Pizza, Mutton 65 Pizza, Jeera Rice, Veg biryani, Veg Dum Biryani, Lemon Rice, Chicken Dum Biryani, Chicken Fried Rice, Mix-Veg Fried Rice, Butter Roti, Butter Naan, Garlic Naan, Lacha Paratha, Gulab Jamun, Ice-cream, Fruit cream, Fresh Lime Soda, Ice Tea"
122,122,Non-Vegeterian,"Veg Pakora, Seekh Kabab, Chilli Potatoes, Gobi Manchurian, Chilli Mushroom, Chicken Tandoori, Chicken Sheesh Kabab, Chicken Pakora, Prawns Fry, Golden Prawns, Pepper Prawns, Chicken 65, Chicken Majestic, Chocolate Brownie, Malai Kulfi, Carrot Halwa"
123,123,Vegetarian,"Paneer Achari, Veg Platter, Paneer Butter Masala, Dal Tadka, Veg biryani, Plain Roti, Moong daal Halwa, Butter milk "
124,124,Non-Vegeterian,"Paneer Tikka, Mushroom Tikka, Veg Platter, Crispy Corn, Chicken Tandoori, Chicken Sheesh Kabab, Chicken Tikka Dry, Pepper Garlic Chicken, Fish Fry, Paneer Butter Masala, Paneer Tikka Masala, Dal Tadka, Avial with Kerala Red Rice, Bendekaayi Gojju (Ladys Finger Gravy), South Indian Chicken masala, Chicken Chettinad, Chicken Dum Biryani, Mixed Non-Veg Fried Rice, Plain Roti, Fruit cream, Chocolate Brownie, Moong daal Halwa, Fresh Lime Soda"
125,125,Non-Vegeterian,"Haryali Paneer Tikka, Chicken Tandoori, Aloo Gobi Masala, Mughlai Chicken Handi, Chicken Dum Biryani, Lacha Paratha, Ice-cream, Lassi"
126,126,Vegetarian,"Veg Cutlet, Veg Dumplings, Veg lollipop, Hara Bara Kabab, Paneer Tikka, Paneer Achari, Paneer Multani Tikka, Haryali Paneer Tikka, Paneer Amritsari Tikka, Veg Platter, Chilli Potatoes, Veg Spring Rolls, Veg Manchurian, Crispy Corn, Baby Corn, Gobi Manchurian, Chilli Mushroom, Chilli Paneer, Paneer  Tikka, Paneer 65, Paneer Butter Masala, Kadaai Paneer, Paneer Tikka Masala, Veg Kofta, Aloo Gobi Masala, Dal Tadka, Plain Rice, Jeera Rice, Plain Roti, Butter Roti, Plain Naan, Butter Naan, Lacha Paratha, Gulab Jamun, Ice-cream, Chocolate Brownie, Chocolate Pastry, Malai Kulfi, Carrot Halwa, Moong daal Halwa, Fresh Lime Soda, Lassi, Vanilla Milkshake, Chocolate Milkshake, Virgin Mojito"
127,127,Non-Vegeterian,"Paneer Amritsari Tikka, Chilli Potatoes, Chicken Sheesh Kabab, Chicken Malai, Pepper Garlic Chicken, Chicken Fry, Tandoori Fish, Chicken Drum Sticks, Veg Kofta, Mango Kuzhambu, Mughlai Chicken Handi, Hyderabadi Keema, Barbeque Chicken with Breast, Chicken Dum Biryani, Chicken Pulao, Butter Naan, Chocolate Pastry, Shahi Tukda, Moong daal Halwa, Lassi"
128,128,Non-Vegeterian,"Veg Cutlet, Veg Platter, Crispy Corn, Chicken Malai, Mutton Cutlet, Mutton Pepper Fry, Prawns Fry, Fish Manchurian, Chicken Manchurian, Paneer Butter Masala, Mix Veg Curry, Butter Chicken, Mutton Kofte, Jeera Rice, Chicken Fried Rice, Mixed Non-Veg Fried Rice, Butter Roti, Lacha Paratha, Chocolate Brownie, Malai Kulfi, Virgin Mojito"
129,129,Vegetarian,"Veg Cutlet, Veg Pakora, Hara Bara Kabab, Gobi Manchurian, Paneer  Tikka, Paneer Butter Masala, Aloo Gobi Masala, Corn Cheese Pizza, Veg Pulao, Veg biryani, Garlic Naan, Lacha Paratha, Ice-cream, Chocolate Brownie, Carrot Halwa, Lassi"
130,130,Non-Vegeterian,"Paneer Tikka, Chilli Mushroom, Paneer 65, Chicken Tandoori, Chilli Prawns, Chicken Manchurian, Paneer Butter Masala, Kadaai Paneer, Butter Chicken, Chicken Chettinad, Barbeque Chicken with Breast, Veg biryani, Chicken Dum Biryani, Butter Naan, Garlic Naan, Gulab Jamun, Ice-cream, Carrot Halwa, Fresh Lime Soda"
131,131,Non-Vegeterian,"Veg Cutlet, Seekh Kabab, Mushroom Tikka, Chilli Potatoes, Paneer  Tikka, Chicken Tandoori, Chicken Sheesh Kabab, Chicken Tikka Dry, Chicken Malai, Pepper Garlic Chicken, Lemon Chicken, Chicken Fry, Murgh Tangdi Kabab, Fish tikka, Fish Fry, Tandoori Fish, Prawns Fry, Chilli Chicken, Chicken 65, Paneer Butter Masala, Veg Kofta, Dal Tadka, Mix Veg Curry, Mughlai Chicken Handi, Chicken Chettinad, Chicken Korma, Chicken Pizza, Chicken Dum Biryani, Prawns Biryani, Butter Roti, Butter Naan, Fruit cream, Shahi Tukda, Vanilla Milkshake"
132,132,Non-Vegeterian,"Gobi Manchurian, Butter Chicken, Chicken Dum Biryani, Garlic Naan, Chocolate Pastry, Shahi Tukda, Pepsi"
133,133,Non-Vegeterian,"Veg Cutlet, Chicken Manchurian"
134,134,Vegetarian,"Veg lollipop, Hara Bara Kabab, Paneer Amritsari Tikka, Mushroom Malai Tikka, Mushroom Masala, Paneer Butter Masala, Veg Pulao, Veg Dum Biryani"
135,135,Non-Vegeterian,"Seekh Kabab, Paneer Tikka, Crispy Corn, Baby Corn, Paneer  Tikka, Chicken Tandoori, Chicken Roast, Lemon Chicken, Fish tikka, Fish Fry, Tandoori Fish, Prawns Fry, Chilli Chicken, Kadaai Paneer, Paneer Tikka Masala, Farm Fresh Pizza, Corn Cheese Pizza, Margarita Pizza, Mughlai Chicken Handi, Butter Chicken, Chicken Korma, Barbeque Chicken with Breast, Jeera Rice, Chicken Dum Biryani, Butter Roti, Butter Naan, Garlic Naan, Tandoori roti, Ice-cream, Fresh Lime Soda, Virgin Mojito, Coke"
136,136,Non-Vegeterian,"Veg Spring Rolls, Crispy Corn, Gobi Manchurian, Paneer  Tikka, Chicken Tandoori, Pepper Garlic Chicken, Lemon Chicken, Mutton Fry, Apollo Fish, Paneer Butter Masala, Dal Tadka, Butter Chicken, Chicken Chettinad, Hyderabadi Keema, Jeera Rice, Chicken Dum Biryani, Mutton Dum Biryani, Plain Roti, Butter Roti, Butter Naan, Garlic Naan, Gulab Jamun, Ice-cream, Fruit cream, Lassi"
137,137,Non-Vegeterian,"Hara Bara Kabab, Paneer Tikka, Paneer Achari, Mushroom Masala, Paneer Butter Masala, Kadaai Paneer, Paneer Tikka Masala, Dal Tadka, Avial with Kerala Red Rice, Veg biryani, Chicken Dum Biryani, Gulab Jamun, Kesariya Kheer, Chocolate Brownie, Carrot Halwa, Chocolate Milkshake"
138,138,Non-Vegeterian,"Paneer Tikka, Chilli Potatoes, Crispy Corn, Baby Corn, Chicken Sheesh Kabab, Chicken Fry, Murgh Lasooni Kabab, Chicken Majestic, Chicken Korma, Barbeque Chicken with Breast, Jeera Rice, Garlic Naan, Ice-cream, Malai Kulfi, Virgin Mojito"
139,139,Non-Vegeterian,"Chicken Pakora, Mushroom Masala, Butter Chicken, Chicken Pepperoni Piza, Jeera Rice, Butter Naan, Gulab Jamun, Ice-cream, Chocolate Pastry, Carrot Halwa, Lassi, Chocolate Milkshake"
140,140,Vegetarian,"Veg Platter, Paneer Butter Masala, Veg Pulao, Garlic Naan, Ice-cream, Virgin Mojito"
141,141,Non-Vegeterian,"Hara Bara Kabab, Crispy Corn, Gobi Manchurian, Chicken Tandoori, Chicken Sheesh Kabab, Chicken Tikka Dry, Pepper Garlic Chicken, Lemon Chicken, Chicken Fry, Fish Fry, Chicken 65, Chicken Majestic, Paneer Butter Masala, Kadaai Paneer, Mughlai Chicken Handi, Chicken Chettinad, Malvani Chicken Curry, Nihari Gosht, Chicken Dum Biryani, Chicken Fried Rice, Garlic Naan, Malai Kulfi, Carrot Halwa, Virgin Mojito"
142,142,Vegetarian,"Butter Roti, Butter Naan"
143,143,Non-Vegeterian,"Veg Cutlet, Paneer Tikka, Paneer Achari, Chilli Potatoes, Veg Spring Rolls, Crispy Corn, Baby Corn, Gobi Manchurian, Chilli Paneer, Paneer  Tikka, Paneer 65, Chicken Tandoori, Chicken Achari, Chicken Malai, Chicken Roast, Pepper Garlic Chicken, Lemon Chicken, Tandoori Fish, Butter Garlic Prawns, Chicken Manchurian, Chilli Chicken, Chicken 65, Paneer Butter Masala, Kadaai Paneer, Paneer Tikka Masala, Veg Kofta, Aloo Gobi Masala, Farm Fresh Pizza, Butter Chicken, South Indian Chicken masala, Chicken Korma, Barbeque Chicken with Breast, Chicken Pizza, Veg biryani, Chicken Dum Biryani, Chicken Fried Rice, Butter Roti, Garlic Naan, Lacha Paratha, Gulab Jamun, Ice-cream, Chocolate Brownie, Chocolate Pastry, Malai Kulfi, Lassi, Chocolate Milkshake"
144,144,Non-Vegeterian,"Veg thali, Chicken Tandoori, Chicken Tikka Dry, Fish Fry, Pepper Mutton, Chicken Manchurian, Aloo Gobi Masala, Dal Tadka, Mix Veg Curry, Butter Chicken, Barbeque Chicken with Breast, Jeera Rice, Veg biryani, Butter Naan, Lacha Paratha, Gulab Jamun, Ice-cream, Carrot Halwa, Moong daal Halwa, Ice Tea"
145,145,Vegetarian,"Veg Cutlet, Veg Pakora, Hara Bara Kabab, Paneer Tikka, Baby Corn, Gobi Manchurian, Paneer Butter Masala, Kadaai Paneer, Veg Kofta, Dal Tadka, Bendekaayi Gojju (Ladys Finger Gravy), Plain Rice, Jeera Rice, Matar Pulao, Veg Pulao, Veg biryani, Veg Dum Biryani, Plain Roti, Butter Roti, Butter Naan, Gulab Jamun, Ice-cream, Kesariya Kheer, Carrot Halwa, Lassi"
146,146,Non-Vegeterian,Ice Tea
147,147,Non-Vegeterian,"Veg Cutlet, Veg Dumplings, Veg Pakora, Veg lollipop, Hara Bara Kabab, Seekh Kabab, Bharwa Aloo, Paneer Tikka, Paneer Achari, Paneer Multani Tikka, Haryali Paneer Tikka, Paneer Amritsari Tikka, Mushroom Tikka, Mushroom Malai Tikka, Veg Platter, Chilli Potatoes, Veg Spring Rolls, Veg Manchurian, Crispy Corn, Baby Corn, Gobi Manchurian, Chilli Mushroom, Chilli Paneer, Paneer  Tikka, Paneer 65, Chicken Tandoori, Chicken Sheesh Kabab, Chicken Tikka Dry, Chicken Achari, Chicken Malai, Chicken Pakora, Chicken Roast, Pepper Garlic Chicken, Lemon Chicken, Chicken Fry, Chicken RR, Prawns Fry, Chilli Chicken, Chicken 65, Mushroom Masala, Paneer Butter Masala, Kadaai Paneer, Paneer Tikka Masala, Aloo Gobi Masala, Mughlai Chicken Handi, Butter Chicken, South Indian Chicken masala, Chicken Chettinad, Chicken Korma, Plain Rice, Jeera Rice, Matar Pulao, Paneer Pulao, Veg Pulao, Veg biryani, Plain Roti, Butter Roti, Plain Naan, Butter Naan, Garlic Naan, Lacha Paratha, Gulab Jamun, Ice-cream, Kesariya Kheer, Fruit cream, Chocolate Brownie, Chocolate Pastry, Malai Kulfi, Shahi Tukda, Carrot Halwa, Moong daal Halwa, Fresh Lime Soda, Lassi, Chocolate Milkshake"
148,148,Non-Vegeterian,"Pepper Garlic Chicken, Chicken Fry, Chicken Majestic, Chicken Pepperoni Piza, Chicken Dum Biryani, Mutton Dum Biryani, Lacha Paratha, Carrot Halwa, Ice Tea"
149,149,Non-Vegeterian,"Mushroom Malai Tikka, Crispy Corn, Chilli Mushroom, Chicken Tandoori, Chicken Sheesh Kabab, Chicken Roast, Lemon Chicken, Option 10, Fish tikka, Fish Fry, Tandoori Fish, Chicken Drum Sticks, Avial with Kerala Red Rice, Mango Kuzhambu, Mix Veg Curry, Farm Fresh Pizza, Margarita Pizza, Butter Chicken, Chicken Korma, Barbeque Chicken with Breast, Chicken Madagascar, Mutton 65 Pizza, Chicken Kheema Balls Pizza, Chicken Dum Biryani, Chicken Fried Rice, Prawns Biryani, Fish Biryani, Butter Naan, Garlic Naan, Gulab Jamun, Ice-cream, Lassi, Coke"
150,150,Vegetarian,"Veg Cutlet, Veg lollipop, Hara Bara Kabab, Paneer Butter Masala, Kadaai Paneer, Paneer Tikka Masala, Veg Kofta, Paneer Pulao, Veg Pulao, Veg biryani, Butter Roti, Butter Naan, Gulab Jamun, Ice-cream, Carrot Halwa, Vanilla Milkshake, Chocolate Milkshake"
151,151,Vegetarian,"Paneer Tikka Masala, Jeera Rice, Butter Naan, Chocolate Milkshake"
152,152,Vegetarian,"Veg Cutlet, Veg Dumplings, Veg Pakora, Veg lollipop, Hara Bara Kabab, Seekh Kabab, Bharwa Aloo, Paneer Tikka, Paneer Achari, Paneer Multani Tikka, Haryali Paneer Tikka, Paneer Amritsari Tikka, Mushroom Tikka, Mushroom Malai Tikka, Veg Platter, Chilli Potatoes, Veg Spring Rolls, Veg Manchurian, Crispy Corn, Baby Corn, Gobi Manchurian, Chilli Mushroom, Chilli Paneer, Paneer  Tikka, Paneer 65, Mushroom Masala, Paneer Butter Masala, Kadaai Paneer, Paneer Tikka Masala, Veg Kofta, Aloo Gobi Masala, Plain Dosa, Dal Tadka, Arachu Vitta Sambar, Avial with Kerala Red Rice, Bendekaayi Gojju (Ladys Finger Gravy), Mango Kuzhambu, Mix Veg Curry, Farm Fresh Pizza, Corn Cheese Pizza, Margarita Pizza, Plain Rice, Jeera Rice, Matar Pulao, Paneer Pulao, Veg Pulao, Veg biryani, Veg Dum Biryani, Plain Roti, Butter Roti, Plain Naan, Butter Naan, Garlic Naan, Lacha Paratha, Gulab Jamun, Ice-cream, Kesariya Kheer, Fruit cream, Chocolate Brownie, Chocolate Pastry, Malai Kulfi, Shahi Tukda, Carrot Halwa, Moong daal Halwa, Fresh Lime Soda, Lassi, Vanilla Milkshake, Chocolate Milkshake, Ice Tea, Virgin Mojito"
153,153,Non-Vegeterian,"Veg Cutlet, Veg Dumplings, Crispy Corn, Baby Corn, Chilli Mushroom, Chicken Sheesh Kabab, Chicken Achari, Chicken Roast, Lemon Chicken, Mutton Fry, Mutton RR, Mutton Seekh Kabab, Mutton Awadhi Kabab, Mutton Cutlet, Mutton Pepper Fry, Mushroom Masala, Paneer Butter Masala, Kadaai Paneer, Paneer Tikka Masala, Veg Kofta, Dal Tadka, Arachu Vitta Sambar, Bendekaayi Gojju (Ladys Finger Gravy), Butter Chicken, Chicken Korma, Malvani Chicken Curry, Mutton Kofte, Nihari Gosht, Jeera Rice, Paneer Pulao, Veg biryani, Lemon Rice, Prawns Biryani, Mutton Dum Biryani, Mutton Biryani"
154,154,Non-Vegeterian,"Veg Cutlet, Veg Pakora, Paneer Tikka, Chilli Potatoes, Chicken Tandoori, Chicken Sheesh Kabab, Chicken Tikka Dry, Chicken Malai, Pepper Garlic Chicken, Chicken Fry, Mutton Fry, Kadaai Paneer, Aloo Gobi Masala, Plain Dosa, Farm Fresh Pizza, Mughlai Chicken Handi, Butter Chicken, Chicken Korma, Chicken Pizza, Mutton 65 Pizza, Plain Rice, Jeera Rice, Veg Pulao, Prawns Biryani, Chicken Pulao, Mutton Biryani, Plain Roti, Butter Roti, Plain Naan, Ice-cream, CREME BRULEE, Virgin Mojito"
155,155,Non-Vegeterian,"Chicken Fry, Fish Fry, Chicken Chettinad, Chicken Dum Biryani, Garlic Naan, Gulab Jamun, Ice-cream, Fresh Lime Soda"
156,156,Non-Vegeterian,"Chilli Mushroom, Chicken Tandoori, Chicken Sheesh Kabab, Chicken Tikka Dry, Chicken Achari, Chicken Malai, Chicken Pakora, Chicken Roast, Pepper Garlic Chicken, Lemon Chicken, Chicken Fry, Chicken RR, Mutton 65, Pepper Mutton, Chicken Manchurian, Plain Roti, Gulab Jamun, Ice-cream, Fresh Lime Soda"
157,157,Non-Vegeterian,"Hara Bara Kabab, Seekh Kabab, Paneer Tikka, Chilli Potatoes, Paneer  Tikka, Chicken Sheesh Kabab, Lemon Chicken, Murgh Lasooni Kabab, Mutton Pepper Fry, Prawns Fry, Pepper Mutton, Chicken 65, Paneer Butter Masala, Paneer Tikka Masala, Corn Cheese Pizza, Margarita Pizza, Chicken Korma, Barbeque Chicken with Breast, Jeera Rice, Chicken Fried Rice, Mix-Veg Fried Rice, Butter Roti, Butter Naan, Chocolate Brownie, Carrot Halwa, Fresh Lime Soda, Virgin Mojito"
158,158,Non-Vegeterian,"Veg Dumplings, Veg Pakora, Veg lollipop, Seekh Kabab, Paneer Tikka, Haryali Paneer Tikka, Paneer Amritsari Tikka, Veg Platter, Chilli Potatoes, Veg Spring Rolls, Crispy Corn, Gobi Manchurian, Paneer  Tikka, Paneer 65, Chicken Tandoori, Chicken Sheesh Kabab, Chicken Tikka Dry, Chicken Roast, Pepper Garlic Chicken, Lemon Chicken, Chicken Fry, Murgh Tangdi Kabab, Murgh Lasooni Kabab, Mutton Fry, Mutton RR, Mutton Seekh Kabab, Mutton Awadhi Kabab, Mutton Cutlet, Mutton Pepper Fry, Fish tikka, Fish Fry, Tandoori Fish, Prawns Fry, Golden Prawns, Butter Garlic Prawns, Pepper Prawns, Ginger Prawns, Apollo Fish, Chilli Fish, Fish Manchurian, Loose Prawns, Prawns Manchurian, Chilli Prawns, Mutton 65, Pepper Mutton, Chicken Manchurian, Chilli Chicken, Chicken 65, Chicken Drum Sticks, Chicken Majestic, Mushroom Masala, Paneer Butter Masala, Arachu Vitta Sambar, Bendekaayi Gojju (Ladys Finger Gravy), Mix Veg Curry, Corn Cheese Pizza, Margarita Pizza, Mughlai Chicken Handi, Butter Chicken, Chicken Chettinad, Chicken Korma, Malvani Chicken Curry, Mutton Kofte, Nihari Gosht, Hyderabadi Keema, Barbeque Chicken with Breast, Chicken Madagascar, Chicken Pizza, Mutton 65 Pizza, Chicken Pepperoni Piza, Chicken Kheema Balls Pizza, Paneer Pulao, Veg Pulao, Veg Dum Biryani, Chicken Dum Biryani, Chicken Fried Rice, Chicken Pulao, Mutton Dum Biryani, Mutton Biryani, Mix-Veg Fried Rice, Butter Roti, Butter Naan, Gulab Jamun, Ice-cream, Kesariya Kheer, Fruit cream, Chocolate Brownie, Chocolate Pastry, Malai Kulfi, Shahi Tukda, Carrot Halwa, Moong daal Halwa, Custard , Fresh Lime Soda, Vanilla Milkshake, Virgin Mojito"
159,159,Non-Vegeterian,"Paneer Tikka, Veg Spring Rolls, Gobi Manchurian, Chilli Mushroom, Chilli Paneer, Pepper Garlic Chicken, Fish tikka, Fish Fry, Chicken 65, Mushroom Masala, Kadaai Paneer, Butter Chicken, Mutton Kofte, Veg Pulao, Mutton Biryani, Butter Naan, Lacha Paratha, Ice-cream, Fresh fruit juice"
160,160,Non-Vegeterian,"Miya Bhai nahi khate , Chicken Tandoori, Chicken Sheesh Kabab, Chicken Tikka Dry, Chicken Achari, Chicken Malai, Chicken Pakora, Chicken Roast, Pepper Garlic Chicken, Lemon Chicken, Option 10, Chicken Fry, Chicken RR, Murgh Tangdi Kabab, Murgh Lasooni Kabab, Mutton Fry, Mutton RR, Mutton Seekh Kabab, Mutton Awadhi Kabab, Mutton Cutlet, Mutton Pepper Fry, Fish tikka, Fish Fry, Tandoori Fish, Prawns Fry, Golden Prawns, Butter Garlic Prawns, Pepper Prawns, Ginger Prawns, Apollo Fish, Chilli Fish, Fish Manchurian, Loose Prawns, Prawns Manchurian, Chilli Prawns, Mutton 65, Pepper Mutton, Chicken Manchurian, Chilli Chicken, Chicken 65, Chicken Drum Sticks, Chicken Majestic, Mughlai Chicken Handi, Butter Chicken, South Indian Chicken masala, Chicken Chettinad, Chicken Korma, Malvani Chicken Curry, Mutton Kofte, Nihari Gosht, Hyderabadi Keema, Barbeque Chicken with Breast, Chicken Madagascar, Chicken Pizza, Mutton 65 Pizza, Chicken Pepperoni Piza, Chicken Kheema Balls Pizza, Plain Rice, Plain Roti, Butter Roti, Plain Naan, Butter Naan, Garlic Naan, Lacha Paratha, Gulab Jamun, Fresh Lime Soda"
161,161,Vegetarian,"Mushroom Malai Tikka, Aloo Gobi Masala, Jeera Rice, Butter Roti, Butter Naan, Gulab Jamun, Lassi"
162,162,Non-Vegeterian,"Hara Bara Kabab, Paneer Tikka, Crispy Corn, Baby Corn, Chilli Paneer, Chicken Sheesh Kabab, Chicken Tikka Dry, Chicken Fry, Murgh Lasooni Kabab, Fish tikka, Prawns Fry, Chicken 65, Chicken Drum Sticks, Paneer Butter Masala, Kadaai Paneer, Paneer Tikka Masala, Aloo Gobi Masala, Plain Dosa, Farm Fresh Pizza, Corn Cheese Pizza, Mughlai Chicken Handi, Butter Chicken, South Indian Chicken masala, Nihari Gosht, Barbeque Chicken with Breast, Jeera Rice, Mutton Dum Biryani, Plain Naan, Butter Naan, Garlic Naan, Gulab Jamun, Kesariya Kheer, Malai Kulfi, Shahi Tukda, Carrot Halwa, Moong daal Halwa, Lassi, Vanilla Milkshake, Ice Tea"
163,163,Non-Vegeterian,"Veg Cutlet, Hara Bara Kabab, Paneer Tikka, Crispy Corn, Chilli Paneer, Paneer 65, Chicken Tandoori, Chicken Roast, Pepper Garlic Chicken, Mutton Seekh Kabab, Mutton Cutlet, Fish Fry, Chilli Chicken, Paneer Butter Masala, Dal Tadka, Avial with Kerala Red Rice, Bendekaayi Gojju (Ladys Finger Gravy), Corn Cheese Pizza, South Indian Chicken masala, Chicken Chettinad, Barbeque Chicken with Breast, Chicken Pizza, Chicken Pepperoni Piza, Plain Rice, Matar Pulao, Lemon Rice, Chicken Fried Rice, Chicken Pulao, Butter Roti, Garlic Naan, Kesariya Kheer, Carrot Halwa"
164,164,Non-Vegeterian,"Seekh Kabab, Mushroom Tikka, Veg Spring Rolls, Veg Manchurian, Chilli Mushroom, Chicken Tikka Dry, Chicken Roast, Murgh Lasooni Kabab, Fish tikka, Mushroom Masala, Dal Tadka, Avial with Kerala Red Rice, Mughlai Chicken Handi, Mutton Kofte, Mutton 65 Pizza, Veg biryani, Veg Dum Biryani, Prawns Biryani, Mixed Non-Veg Fried Rice, Butter Naan, Gulab Jamun, Kesariya Kheer, Malai Kulfi, Carrot Halwa, Moong daal Halwa, Fresh Lime Soda"
165,165,Vegetarian,"Plain Dosa, Plain Rice, Ice-cream, Lassi"
166,166,Non-Vegeterian,"Veg Cutlet, Paneer Tikka, Veg Platter, Veg Spring Rolls, Veg Manchurian, Crispy Corn, Chilli Paneer, Paneer  Tikka, Paneer 65, Chicken Tandoori, Chicken Tikka Dry, Chicken Pakora, Kadaai Paneer, Paneer Tikka Masala, Veg Kofta, Plain Dosa, Dal Tadka, Mix Veg Curry, Mughlai Chicken Handi, Butter Chicken, Chicken Korma, Jeera Rice, Veg Pulao, Veg biryani, Veg Dum Biryani, Chicken Dum Biryani, Chicken Fried Rice, Butter Roti, Butter Naan, Lacha Paratha, Gulab Jamun, Malai Kulfi, Fresh Lime Soda, Lassi"
167,167,Non-Vegeterian,"Paneer Tikka, Mushroom Malai Tikka, Chilli Potatoes, Baby Corn, Gobi Manchurian, Chicken Tikka Dry, Pepper Garlic Chicken, Mutton Fry, Mutton Pepper Fry, Tandoori Fish, Pepper Mutton, Chicken 65, Chicken Drum Sticks, Paneer Tikka Masala, Dal Tadka, Bendekaayi Gojju (Ladys Finger Gravy), Butter Chicken, Chicken Korma, Mutton Kofte, Hyderabadi Keema, Chicken Pepperoni Piza, Lemon Rice, Chicken Fried Rice, Mutton Biryani, Mix-Veg Fried Rice, Butter Naan, Garlic Naan, Gulab Jamun, Chocolate Pastry, Moong daal Halwa, Fresh Lime Soda, Vanilla Milkshake"
168,168,Non-Vegeterian,"Mushroom Tikka, Chilli Mushroom, Paneer  Tikka, Paneer 65, Mutton Pepper Fry, Fish Fry, Chilli Fish, Mutton 65, Mushroom Masala, Paneer Butter Masala, Aloo Gobi Masala, Plain Dosa, Mutton Kofte, Mutton 65 Pizza, Plain Rice, Paneer Pulao, Veg biryani, Mutton Dum Biryani, Mutton Biryani, Plain Naan, Butter Naan, Ice-cream, Fresh Lime Soda"
169,169,Non-Vegeterian,"Gobi Manchurian, Chicken RR, Apollo Fish, Chicken Manchurian, Chilli Chicken, Chicken 65, Chicken Drum Sticks, Chicken Majestic, Paneer Butter Masala, Kadaai Paneer, Butter Chicken, South Indian Chicken masala, Chicken Chettinad, Chicken Dum Biryani, Chicken Fried Rice, Plain Roti, Butter Naan, Lacha Paratha, Gulab Jamun, Ice-cream, Virgin Mojito"
170,170,Vegetarian,"Paneer  Tikka, Paneer Butter Masala, Aloo Gobi Masala, Jeera Rice, Veg Pulao, None, Gulab Jamun, Fresh Lime Soda"
171,171,Vegetarian,"Paneer Tikka, Veg Platter, Kadaai Paneer, Dal Tadka, Veg Pulao, Plain Roti, Garlic Naan, Lacha Paratha, Lassi"
172,172,Vegetarian,"Paneer Achari, Jeera Rice, Matar Pulao, Garlic Naan, Virgin Mojito"
173,173,Vegetarian,"Paneer Tikka, Paneer 65, Kadaai Paneer, Jeera Rice, Ice-cream"
